<?xml version="1.0" encoding="UTF-8" standalone="yes"?>
<contentHaul xmlns:a="http://www.appian.com/ae/types/2009">
    <versionUuid>_a-0000e423-b12f-8000-9bb2-011c48011c48_3539502</versionUuid>
    <rule>
        <name>L_CreateActivityCDT</name>
        <uuid>052bede1-d3f8-4ccd-8888-b79e07dc0370_MAKEACTIVITYCDT</uuid>
        <description>Formatting rule that generates the activity history for a particular process [Activity History]</description>
        <parentUuid>b257ca21-87dd-4cd1-bf3f-d4b3f2fbf00e</parentUuid>
        <visibility>
            <advertise>false</advertise>
            <hierarchy>true</hierarchy>
            <indexable>true</indexable>
            <quota>false</quota>
            <searchable>true</searchable>
            <system>false</system>
            <unlogged>false</unlogged>
        </visibility>
        <definition>'type!{urn:com:appian:types:L}L_Activity'(
  recordId: ri!recordId,
  who: ri!who,
  action: ri!action,
  /* Use a different Details pattern for each type of activity */
  details:if(
    ri!action = #"_a-0000e423-b12f-8000-9bb2-011c48011c48_3539148",
    "To: " &amp; #"7be044f3-b05e-494c-a4c0-958767c94bdd_FORMATNAME"(ri!taskAssignee) &amp; char(10) &amp; "Details: " &amp; ri!taskDetails &amp; if(
      isnull(ri!taskDeadline),
      "",
      char(10) &amp; "Deadline: " &amp; ri!taskDeadline
    ),
    if(
      or(ri!action = #"04b1ffb3-2986-47f8-ac37-9383692cab0d_ACTIONCOMPLETED", ri!action = #"7b3f35e0-c68a-4ed7-b2f2-680106be863c_ACTIONSKIPPED"),
      "From: " &amp; #"7be044f3-b05e-494c-a4c0-958767c94bdd_FORMATNAME"(ri!taskAssigner) &amp; char(10) &amp; if(isnull(ri!comments), "(No Comments)", "Comments: " &amp; ri!comments),
      if(
        ri!action = #"_a-0000e423-b12f-8000-9bb2-011c48011c48_3539144",
        "Message: " &amp; ri!message &amp; if(not(isnull(ri!attachment)), char(10) &amp; "Attachment: " &amp; #"_a-0000e423-b12f-8000-9bb2-011c48011c48_3539204"(ri!attachment), ""),
        if(
          or(ri!action = #"_a-0000e423-b12f-8000-9bb2-011c48011c48_3539140", ri!action = #"_a-0000e423-b12f-8000-9bb2-011c48011c48_3539156"),
          #"_a-0000e423-b12f-8000-9bb2-011c48011c48_3539244"(ri!oldCDT, ri!newCDT, #"_a-0000e423-b12f-8000-9bb2-011c48011c48_3539328", #"_a-0000e423-b12f-8000-9bb2-011c48011c48_3539324", #"_a-0000e423-b12f-8000-9bb2-011c48011c48_3539332") &amp;
            if(
              or(isnull(ri!newDocs), count(ri!newDocs)=0),
              "",
              "Attached Files: " &amp; joinarray(apply(#"_a-0000e423-b12f-8000-9bb2-011c48011c48_3539204", ri!newDocs), ", ") &amp; char(10)
            ) &amp;
            if(or(isnull(ri!deletedDocs), count(ri!deletedDocs)=0),
              "",
              "Deleted Files: " &amp; joinarray(apply(#"_a-0000e423-b12f-8000-9bb2-011c48011c48_3539204", ri!deletedDocs), ", ")
            ),
          "no activity found"
        )
      )
    )
  ),
  when: now()
)</definition>
        <namedTypedValue>
            <name>recordId</name>
            <type>
                <name>int</name>
                <namespace>http://www.w3.org/2001/XMLSchema</namespace>
            </type>
        </namedTypedValue>
        <namedTypedValue>
            <name>who</name>
            <type>
                <name>User</name>
                <namespace>http://www.appian.com/ae/types/2009</namespace>
            </type>
        </namedTypedValue>
        <namedTypedValue>
            <name>action</name>
            <type>
                <name>string</name>
                <namespace>http://www.w3.org/2001/XMLSchema</namespace>
            </type>
            <value/>
        </namedTypedValue>
        <namedTypedValue>
            <name>taskAssignee</name>
            <type>
                <name>User</name>
                <namespace>http://www.appian.com/ae/types/2009</namespace>
            </type>
        </namedTypedValue>
        <namedTypedValue>
            <name>taskAssigner</name>
            <type>
                <name>User</name>
                <namespace>http://www.appian.com/ae/types/2009</namespace>
            </type>
        </namedTypedValue>
        <namedTypedValue>
            <name>taskDetails</name>
            <type>
                <name>string</name>
                <namespace>http://www.w3.org/2001/XMLSchema</namespace>
            </type>
            <value/>
        </namedTypedValue>
        <namedTypedValue>
            <name>taskDeadline</name>
            <type>
                <name>dateTime</name>
                <namespace>http://www.w3.org/2001/XMLSchema</namespace>
            </type>
        </namedTypedValue>
        <namedTypedValue>
            <name>comments</name>
            <type>
                <name>string</name>
                <namespace>http://www.w3.org/2001/XMLSchema</namespace>
            </type>
            <value/>
        </namedTypedValue>
        <namedTypedValue>
            <name>message</name>
            <type>
                <name>string</name>
                <namespace>http://www.w3.org/2001/XMLSchema</namespace>
            </type>
            <value/>
        </namedTypedValue>
        <namedTypedValue>
            <name>attachment</name>
            <type>
                <name>CollaborationDocument</name>
                <namespace>http://www.appian.com/ae/types/2009</namespace>
            </type>
        </namedTypedValue>
        <namedTypedValue>
            <name>oldCDT</name>
            <type>
                <name>L_FeatureFlag</name>
                <namespace>urn:com:appian:types:L</namespace>
            </type>
        </namedTypedValue>
        <namedTypedValue>
            <name>newCDT</name>
            <type>
                <name>L_FeatureFlag</name>
                <namespace>urn:com:appian:types:L</namespace>
            </type>
        </namedTypedValue>
        <namedTypedValue>
            <name>newDocs</name>
            <type>
                <name>CollaborationDocument?list</name>
                <namespace>http://www.appian.com/ae/types/2009</namespace>
            </type>
        </namedTypedValue>
        <namedTypedValue>
            <name>deletedDocs</name>
            <type>
                <name>CollaborationDocument?list</name>
                <namespace>http://www.appian.com/ae/types/2009</namespace>
            </type>
        </namedTypedValue>
        <preferredEditor>legacy</preferredEditor>
        <offlineEnabled>false</offlineEnabled>
    </rule>
    <roleMap public="true">
        <role inherit="true" allowForAll="false" name="readers">
            <users/>
            <groups/>
        </role>
        <role inherit="true" allowForAll="false" name="authors">
            <users/>
            <groups/>
        </role>
        <role inherit="true" allowForAll="false" name="administrators">
            <users/>
            <groups/>
        </role>
        <role inherit="false" allowForAll="false" name="denyReaders">
            <users/>
            <groups/>
        </role>
        <role inherit="false" allowForAll="false" name="denyAuthors">
            <users/>
            <groups/>
        </role>
        <role inherit="false" allowForAll="false" name="denyAdministrators">
            <users/>
            <groups/>
        </role>
    </roleMap>
    <history>
        <historyInfo versionUuid="_a-0000e423-b12f-8000-9bb2-011c48011c48_3539502"/>
    </history>
</contentHaul>
