<?xml version="1.0" encoding="UTF-8" standalone="yes"?>
<contentHaul xmlns:a="http://www.appian.com/ae/types/2009">
    <versionUuid>_a-0000e423-b12f-8000-9bb2-011c48011c48_3539954</versionUuid>
    <rule>
        <name>L_GetFeatureFlagById</name>
        <uuid>4e9b7227-6cd1-4743-9fd2-fb6883047909_GETONERECORD</uuid>
        <description>Query that returns a single Feature Flag matching the passed in ID [Data]</description>
        <parentUuid>b257ca21-87dd-4cd1-bf3f-d4b3f2fbf00e</parentUuid>
        <visibility>
            <advertise>false</advertise>
            <hierarchy>true</hierarchy>
            <indexable>true</indexable>
            <quota>false</quota>
            <searchable>true</searchable>
            <system>false</system>
            <unlogged>false</unlogged>
        </visibility>
        <definition>cast(
  'type!{urn:com:appian:types:L}L_FeatureFlag',
  #"SYSTEM_SYSRULES_queryEntity_v1"(
    entity: #"6d78e7f2-9fad-4a28-a2f8-cf72d04f711b_MAINDSECONSTANT",
    query: #"SYSTEM_SYSRULES_query"(
      filter: #"SYSTEM_SYSRULES_queryFilter"(
        field: "id",
        operator: "=",
        value: ri!id
      ),
      pagingInfo: #"SYSTEM_SYSRULES_pagingInfo"(1, 1)
    ),
    fetchTotalCount: false
  ).data
)</definition>
        <namedTypedValue>
            <name>id</name>
            <type>
                <name>int</name>
                <namespace>http://www.w3.org/2001/XMLSchema</namespace>
            </type>
        </namedTypedValue>
        <preferredEditor>legacy</preferredEditor>
        <offlineEnabled>false</offlineEnabled>
    </rule>
    <roleMap public="true">
        <role inherit="true" allowForAll="false" name="readers">
            <users/>
            <groups/>
        </role>
        <role inherit="true" allowForAll="false" name="authors">
            <users/>
            <groups/>
        </role>
        <role inherit="true" allowForAll="false" name="administrators">
            <users/>
            <groups/>
        </role>
        <role inherit="false" allowForAll="false" name="denyReaders">
            <users/>
            <groups/>
        </role>
        <role inherit="false" allowForAll="false" name="denyAuthors">
            <users/>
            <groups/>
        </role>
        <role inherit="false" allowForAll="false" name="denyAdministrators">
            <users/>
            <groups/>
        </role>
    </roleMap>
    <history>
        <historyInfo versionUuid="_a-0000e423-b12f-8000-9bb2-011c48011c48_3539954"/>
    </history>
</contentHaul>
