<?xml version="1.0" encoding="UTF-8" standalone="yes"?>
<contentHaul xmlns:a="http://www.appian.com/ae/types/2009">
    <versionUuid>_a-0000e423-b12f-8000-9bb2-011c48011c48_3540059</versionUuid>
    <rule>
        <name>L_CreateUpdateFeatureFlag</name>
        <uuid>_a-0000e423-b12f-8000-9bb2-011c48011c48_3539276</uuid>
        <description>Form interface for creating new Feature Flags as an action or updating Feature Flags as a related action [Records]</description>
        <parentUuid>b257ca21-87dd-4cd1-bf3f-d4b3f2fbf00e</parentUuid>
        <visibility>
            <advertise>false</advertise>
            <hierarchy>true</hierarchy>
            <indexable>true</indexable>
            <quota>false</quota>
            <searchable>true</searchable>
            <system>false</system>
            <unlogged>false</unlogged>
        </visibility>
        <definition>a!localVariables(
  local!creating: a!refreshVariable(
    value: isnull(ri!record),
    refreshOnReferencedVarChange: false
  ),
  local!oldRecord: a!refreshVariable(
    value: ri!record,
    refreshOnReferencedVarChange: false
  ),
  local!oldDocuments: a!refreshVariable(
    value: if(
      isnull(ri!documents),
      {},
      ri!documents
    ),
    refreshOnReferencedVarChange: false
  ),
  #"SYSTEM_SYSRULES_formLayout_v1"(
    label: if(
      local!creating,
      "Add New Feature Flag",
       #"_a-0000e423-b12f-8000-9bb2-011c48011c48_3539892"( ri!record.id) 
    ),
    contents: {
      #"_a-0000e423-b12f-8000-9bb2-011c48011c48_3539268"(
        record: ri!record,
        documents: ri!documents,
        deletedDocuments: ri!deletedDocs,
        creating: local!creating,
        readOnly: false
      )
    },
    buttons: #"SYSTEM_SYSRULES_ButtonLayout"(
      primaryButtons: {
        if(
          local!creating,
          #"SYSTEM_SYSRULES_ButtonWidgetSubmit"(
            label: "Submit Feature Flag",
            style: "PRIMARY",
            saveInto: {
              a!save(ri!record.createdOn, now()),
              a!save(ri!record.createdBy, loggedInUser()),
              a!save(ri!record.updatedOn, now()),
              a!save(ri!record.updatedBy, loggedInUser()),
              a!save(ri!documents, reject(fn!isnull, ri!documents))
            }
          ),
          #"SYSTEM_SYSRULES_ButtonWidgetSubmit"(
            label: "Update Feature Flag",
            style: "PRIMARY",
            saveInto: {
              a!save(ri!record.updatedOn, now()),
              a!save(ri!record.updatedBy, loggedInUser()),
              a!save(ri!oldRecord, local!oldRecord),
              a!save(ri!documents, reject(fn!isnull, ri!documents)),
              a!save(ri!addedDocs, reject(fn!isnull, difference(ri!documents, local!oldDocuments))),
              a!save(ri!oldDocs, local!oldDocuments)
            }
          )
        )
      },
      secondaryButtons: {
        if(
          local!creating,
          {},
          #"SYSTEM_SYSRULES_ButtonWidgetSubmit"(
            label: "Cancel",
            style: "NORMAL",
            value: true,
            saveInto: {
              ri!cancel,
              a!save(ri!addedDocs, reject(fn!isnull, difference(ri!documents, local!oldDocuments))),
              a!save(ri!deletedDocs, append(difference(ri!deletedDocs, local!oldDocuments), ri!addedDocs))
            },
            skipValidation: true
          )
        )
      }
    )
  )
)</definition>
        <namedTypedValue>
            <name>record</name>
            <type>
                <name>L_FeatureFlag</name>
                <namespace>urn:com:appian:types:L</namespace>
            </type>
        </namedTypedValue>
        <namedTypedValue>
            <name>oldRecord</name>
            <type>
                <name>L_FeatureFlag</name>
                <namespace>urn:com:appian:types:L</namespace>
            </type>
        </namedTypedValue>
        <namedTypedValue>
            <name>documents</name>
            <type>
                <name>CollaborationDocument?list</name>
                <namespace>http://www.appian.com/ae/types/2009</namespace>
            </type>
        </namedTypedValue>
        <namedTypedValue>
            <name>addedDocs</name>
            <type>
                <name>CollaborationDocument?list</name>
                <namespace>http://www.appian.com/ae/types/2009</namespace>
            </type>
        </namedTypedValue>
        <namedTypedValue>
            <name>deletedDocs</name>
            <type>
                <name>CollaborationDocument?list</name>
                <namespace>http://www.appian.com/ae/types/2009</namespace>
            </type>
        </namedTypedValue>
        <namedTypedValue>
            <name>oldDocs</name>
            <type>
                <name>CollaborationDocument?list</name>
                <namespace>http://www.appian.com/ae/types/2009</namespace>
            </type>
        </namedTypedValue>
        <namedTypedValue>
            <name>cancel</name>
            <type>
                <name>boolean</name>
                <namespace>http://www.w3.org/2001/XMLSchema</namespace>
            </type>
        </namedTypedValue>
        <preferredEditor>interface</preferredEditor>
        <offlineEnabled>false</offlineEnabled>
    </rule>
    <roleMap public="true">
        <role inherit="true" allowForAll="false" name="readers">
            <users/>
            <groups/>
        </role>
        <role inherit="true" allowForAll="false" name="authors">
            <users/>
            <groups/>
        </role>
        <role inherit="true" allowForAll="false" name="administrators">
            <users/>
            <groups/>
        </role>
        <role inherit="false" allowForAll="false" name="denyReaders">
            <users/>
            <groups/>
        </role>
        <role inherit="false" allowForAll="false" name="denyAuthors">
            <users/>
            <groups/>
        </role>
        <role inherit="false" allowForAll="false" name="denyAdministrators">
            <users/>
            <groups/>
        </role>
    </roleMap>
    <history>
        <historyInfo versionUuid="_a-0000e423-b12f-8000-9bb2-011c48011c48_3540059"/>
    </history>
</contentHaul>
