<?xml version="1.0" encoding="UTF-8" standalone="yes"?>
<contentHaul xmlns:a="http://www.appian.com/ae/types/2009">
    <versionUuid>_a-0000e423-b12f-8000-9bb2-011c48011c48_3539629</versionUuid>
    <rule>
        <name>L_FeatureFlagDetails</name>
        <uuid>_a-0000e423-b12f-8000-9bb2-011c48011c48_3539268</uuid>
        <description>Section interface showing the base Feature Flag interface module. Contains all the basic fields of the record. Used by the summary record view, create and update forms, as well as task forms. [Base] [Records]</description>
        <parentUuid>b257ca21-87dd-4cd1-bf3f-d4b3f2fbf00e</parentUuid>
        <visibility>
            <advertise>false</advertise>
            <hierarchy>true</hierarchy>
            <indexable>true</indexable>
            <quota>false</quota>
            <searchable>true</searchable>
            <system>false</system>
            <unlogged>false</unlogged>
        </visibility>
        <definition>a!localVariables(
  /* The local variables store the options for the Pick Single / Multiple from List fields    *
   * We only show the active options, plus any inactive options already stored on this record */
  local!activeOptions: a!refreshVariable(
    value: if(ri!record.active.active,#"_a-0000e423-b12f-8000-9bb2-011c48011c48_3539224"(#"_a-0000e423-b12f-8000-9bb2-011c48011c48_3539361"(), null),#"_a-0000e423-b12f-8000-9bb2-011c48011c48_3539224"(#"_a-0000e423-b12f-8000-9bb2-011c48011c48_3539361"(), ri!record.active.id)),
    /* Ensures this is only calculated on initial load and not each time you update ri!record */
    refreshOnReferencedVarChange: false
  ),
  {
    #"SYSTEM_SYSRULES_sectionLayout_v1"(
      label: ri!label,
      contents: #"SYSTEM_SYSRULES_columnsLayout"(
        columns: {
          #"SYSTEM_SYSRULES_columnLayout"(
            contents: {
              #"SYSTEM_SYSRULES_textField"(
                label: "Name",
                labelPosition: if(ri!readOnly, "ADJACENT", "ABOVE"),
                instructions: if(ri!readOnly, "", ""),
                helpTooltip: if(ri!readOnly, "", ""),
                placeholder: if(ri!readOnly, "", ""),
                required: not(ri!readOnly),
                value: ri!record.name,
                saveInto: ri!record.name,
                readOnly: ri!readOnly,
                validations: if(
                  len(ri!record.name) &lt;= 200,
                  "",
                  "Value may not be longer than 200 characters. You have entered " &amp; len(ri!record.name) &amp; " characters."
                )
              ),
              #"SYSTEM_SYSRULES_textField"(
                label: "Description",
                labelPosition: if(ri!readOnly, "ADJACENT", "ABOVE"),
                instructions: if(ri!readOnly, "", ""),
                helpTooltip: if(ri!readOnly, "", ""),
                placeholder: if(ri!readOnly, "", ""),
                required: false,
                value: ri!record.description,
                saveInto: ri!record.description,
                readOnly: ri!readOnly,
                validations: if(
                  len(ri!record.description) &lt;= 200,
                  "",
                  "Value may not be longer than 200 characters. You have entered " &amp; len(ri!record.description) &amp; " characters."
                )
              ),
              if(
                ri!creating,
                {},
                {
                  #"SYSTEM_SYSRULES_linkField"(
                    label: "Created By",
                    labelPosition: if(ri!readOnly, "ADJACENT", "ABOVE"),
                    links: #"SYSTEM_SYSRULES_userRecordLink"(
                      label: #"7be044f3-b05e-494c-a4c0-958767c94bdd_FORMATNAME"(ri!record.createdBy),
                      user: ri!record.createdBy
                    )
                  ),
                  #"SYSTEM_SYSRULES_textField"(
                    label: "Created On",
                    labelPosition: if(ri!readOnly, "ADJACENT", "ABOVE"),
                    value: #"_a-0000e423-b12f-8000-9bb2-011c48011c48_3539208"(ri!record.createdOn),
                    readOnly: true
                  )
                }
              )
            }
          ),
          #"SYSTEM_SYSRULES_columnLayout"(
            contents: {
              if(
                ri!readOnly,
                #"SYSTEM_SYSRULES_textField"(
                  label: "Active",
                  labelPosition: "ADJACENT",
                  value: ri!record.active.value,
                  readOnly: true
                ),
                #"SYSTEM_SYSRULES_dropdownField"(
                  label: "Active",
                  labelPosition: "ABOVE",
                  instructions: "",
                  helpTooltip: "",
                  placeholderLabel: "--- Select a Value ---",
                  choiceLabels: local!activeOptions.value,
                  choiceValues: local!activeOptions,
                  required: false,
                  value: ri!record.active,
                  saveInto: ri!record.active
                )
              ),
              if(
                ri!creating,
                {},
                {
                  #"SYSTEM_SYSRULES_linkField"(
                    label: "Updated By",
                    labelPosition: if(ri!readOnly, "ADJACENT", "ABOVE"),
                    links: #"SYSTEM_SYSRULES_userRecordLink"(
                      label: #"7be044f3-b05e-494c-a4c0-958767c94bdd_FORMATNAME"(ri!record.updatedBy),
                      user: ri!record.updatedBy
                    )
                  ),
                  #"SYSTEM_SYSRULES_textField"(
                    label: "Updated On",
                    labelPosition: if(ri!readOnly, "ADJACENT", "ABOVE"),
                    value: #"_a-0000e423-b12f-8000-9bb2-011c48011c48_3539208"(ri!record.updatedOn),
                    readOnly: true
                  )
                }
              )
            }
          )
        }
      )
    ),
    #"_a-0000e423-b12f-8000-9bb2-011c48011c48_3539252"(
      documents: ri!documents,
      deletedDocuments: ri!deletedDocuments,
      readOnly: ri!readOnly,
      target: if(ri!creating,
        #"_a-0000e423-b12f-8000-9bb2-011c48011c48_3539180",
        ri!record.folderId
      )
    )
  }
)</definition>
        <namedTypedValue>
            <name>record</name>
            <type>
                <name>L_FeatureFlag</name>
                <namespace>urn:com:appian:types:L</namespace>
            </type>
        </namedTypedValue>
        <namedTypedValue>
            <name>creating</name>
            <type>
                <name>boolean</name>
                <namespace>http://www.w3.org/2001/XMLSchema</namespace>
            </type>
        </namedTypedValue>
        <namedTypedValue>
            <name>readOnly</name>
            <type>
                <name>boolean</name>
                <namespace>http://www.w3.org/2001/XMLSchema</namespace>
            </type>
        </namedTypedValue>
        <namedTypedValue>
            <name>documents</name>
            <type>
                <name>CollaborationDocument?list</name>
                <namespace>http://www.appian.com/ae/types/2009</namespace>
            </type>
        </namedTypedValue>
        <namedTypedValue>
            <name>label</name>
            <type>
                <name>string</name>
                <namespace>http://www.w3.org/2001/XMLSchema</namespace>
            </type>
            <value/>
        </namedTypedValue>
        <namedTypedValue>
            <name>deletedDocuments</name>
            <type>
                <name>CollaborationDocument?list</name>
                <namespace>http://www.appian.com/ae/types/2009</namespace>
            </type>
        </namedTypedValue>
        <preferredEditor>interface</preferredEditor>
        <offlineEnabled>false</offlineEnabled>
    </rule>
    <roleMap public="true">
        <role inherit="true" allowForAll="false" name="readers">
            <users/>
            <groups/>
        </role>
        <role inherit="true" allowForAll="false" name="authors">
            <users/>
            <groups/>
        </role>
        <role inherit="true" allowForAll="false" name="administrators">
            <users/>
            <groups/>
        </role>
        <role inherit="false" allowForAll="false" name="denyReaders">
            <users/>
            <groups/>
        </role>
        <role inherit="false" allowForAll="false" name="denyAuthors">
            <users/>
            <groups/>
        </role>
        <role inherit="false" allowForAll="false" name="denyAdministrators">
            <users/>
            <groups/>
        </role>
    </roleMap>
    <history>
        <historyInfo versionUuid="_a-0000e423-b12f-8000-9bb2-011c48011c48_3539629"/>
    </history>
</contentHaul>
