<?xml version="1.0" encoding="UTF-8" standalone="yes"?>
<contentHaul xmlns:a="http://www.appian.com/ae/types/2009">
    <versionUuid>_a-0000e423-b12f-8000-9bb2-011c48011c48_3539580</versionUuid>
    <rule>
        <name>L_OpenTasksGrid</name>
        <uuid>_a-0000e423-b12f-8000-9bb2-011c48011c48_3539272</uuid>
        <description>Component interface that returns a grid showing all open tasks for a given Feature Flag record [Tasking] [Records]</description>
        <parentUuid>b257ca21-87dd-4cd1-bf3f-d4b3f2fbf00e</parentUuid>
        <visibility>
            <advertise>false</advertise>
            <hierarchy>true</hierarchy>
            <indexable>true</indexable>
            <quota>false</quota>
            <searchable>true</searchable>
            <system>false</system>
            <unlogged>false</unlogged>
        </visibility>
        <definition>a!localVariables(
  local!pagingInfo: #"SYSTEM_SYSRULES_pagingInfo"(startIndex: 1, batchSize: 5),
  /* Retrieve data from the process report to use here */
  local!report: a!queryProcessAnalytics(
    report: #"_a-0000e423-b12f-8000-9bb2-011c48011c48_3539184",
    contextProcessModels: #"_a-0000e423-b12f-8000-9bb2-011c48011c48_3539176",
    query: #"SYSTEM_SYSRULES_query"(
      filter: #"SYSTEM_SYSRULES_queryFilter"(
        field: "c7",
        operator: "=",
        value: ri!recordId
      ),
      pagingInfo: local!pagingInfo
    )
  ),
  {
    #"SYSTEM_SYSRULES_gridField_v1"(
    /* If there is no data, display nothing.                                       *
     * Otherwise, iterate over the column rule to show a grid of task information. */
      label: local!report.name,
      showWhen: local!report.totalCount &gt; 0,
      instructions: local!report.description,
      data: local!report,
      columns: {
        #"SYSTEM_SYSRULES_forEach"(
          items: local!report.columnConfigs,
          expression: #"_a-0000e423-b12f-8000-9bb2-011c48011c48_3539308"(
            columnConfig: fv!item,

            filterByRecord: true
          )
        )
      },
      pagingSaveInto: local!pagingInfo
    )
  }
)</definition>
        <namedTypedValue>
            <name>recordId</name>
            <type>
                <name>int</name>
                <namespace>http://www.w3.org/2001/XMLSchema</namespace>
            </type>
        </namedTypedValue>
        <metadataExpr></metadataExpr>
        <preferredEditor>interface</preferredEditor>
        <offlineEnabled>false</offlineEnabled>
    </rule>
    <roleMap public="true">
        <role inherit="true" allowForAll="false" name="readers">
            <users/>
            <groups/>
        </role>
        <role inherit="true" allowForAll="false" name="authors">
            <users/>
            <groups/>
        </role>
        <role inherit="true" allowForAll="false" name="administrators">
            <users/>
            <groups/>
        </role>
        <role inherit="false" allowForAll="false" name="denyReaders">
            <users/>
            <groups/>
        </role>
        <role inherit="false" allowForAll="false" name="denyAuthors">
            <users/>
            <groups/>
        </role>
        <role inherit="false" allowForAll="false" name="denyAdministrators">
            <users/>
            <groups/>
        </role>
    </roleMap>
    <history>
        <historyInfo versionUuid="_a-0000e423-b12f-8000-9bb2-011c48011c48_3539580"/>
    </history>
</contentHaul>
