<?xml version="1.0" encoding="UTF-8" standalone="yes"?>
<contentHaul xmlns:a="http://www.appian.com/ae/types/2009">
    <versionUuid>_a-0000e423-b12f-8000-9bb2-011c48011c48_3539799</versionUuid>
    <rule>
        <name>L_CreateChartSeries</name>
        <uuid>_a-0000e423-b12f-8000-9bb2-011c48011c48_3539200</uuid>
        <description>Support rule for charts. Applied over a datasubet, it will create chart series values. [Reports]</description>
        <parentUuid>f3d058c8-80b0-4ca5-8e70-2ae6b5e07498</parentUuid>
        <visibility>
            <advertise>false</advertise>
            <hierarchy>true</hierarchy>
            <indexable>true</indexable>
            <quota>false</quota>
            <searchable>true</searchable>
            <system>false</system>
            <unlogged>false</unlogged>
        </visibility>
        <definition>#"SYSTEM_SYSRULES_chartSeries"(
  label: if(
    isnull(index(index(ri!data, ri!field, null), "value", null)),
    "[No Value]",
    index(index(ri!data, ri!field, null), "value", null)
  ),
  data: index(ri!data, "id", null),
  links: #"SYSTEM_SYSRULES_dynamicLink"(
    value: if(
      isnull(index(index(ri!data, ri!field, null), "value", null)),
      "[No Value]",
      index(index(ri!data, ri!field, null), "value", null)
    ),
    saveInto: {
      ri!linkSaveInto,
      a!save(ri!pagingInfo.startIndex, 1)
    }
  )
)</definition>
        <namedTypedValue>
            <name>data</name>
            <type>
                <name>Variant</name>
                <namespace>http://www.appian.com/ae/types/2009</namespace>
            </type>
        </namedTypedValue>
        <namedTypedValue>
            <name>field</name>
            <type>
                <name>string</name>
                <namespace>http://www.w3.org/2001/XMLSchema</namespace>
            </type>
            <value/>
        </namedTypedValue>
        <namedTypedValue>
            <name>pagingInfo</name>
            <type>
                <name>PagingInfo</name>
                <namespace>http://www.appian.com/ae/types/2009</namespace>
            </type>
        </namedTypedValue>
        <namedTypedValue>
            <name>linkSaveInto</name>
            <type>
                <name>Variant</name>
                <namespace>http://www.appian.com/ae/types/2009</namespace>
            </type>
        </namedTypedValue>
        <preferredEditor>legacy</preferredEditor>
        <offlineEnabled>false</offlineEnabled>
    </rule>
    <roleMap public="true">
        <role inherit="true" allowForAll="false" name="readers">
            <users/>
            <groups/>
        </role>
        <role inherit="true" allowForAll="false" name="authors">
            <users/>
            <groups/>
        </role>
        <role inherit="true" allowForAll="false" name="administrators">
            <users/>
            <groups/>
        </role>
        <role inherit="false" allowForAll="false" name="denyReaders">
            <users/>
            <groups/>
        </role>
        <role inherit="false" allowForAll="false" name="denyAuthors">
            <users/>
            <groups/>
        </role>
        <role inherit="false" allowForAll="false" name="denyAdministrators">
            <users/>
            <groups/>
        </role>
    </roleMap>
    <history>
        <historyInfo versionUuid="_a-0000e423-b12f-8000-9bb2-011c48011c48_3539799"/>
    </history>
</contentHaul>
