<?xml version="1.0" encoding="UTF-8" standalone="yes"?>
<contentHaul xmlns:a="http://www.appian.com/ae/types/2009">
    <versionUuid>_a-0000e423-b12f-8000-9bb2-011c48011c48_3539638</versionUuid>
    <rule>
        <name>L_FeatureFlagDashboard</name>
        <uuid>_a-0000e423-b12f-8000-9bb2-011c48011c48_3539280</uuid>
        <description>Dashboard interface for the summary view of the Feature Flags record type [Records]</description>
        <parentUuid>b257ca21-87dd-4cd1-bf3f-d4b3f2fbf00e</parentUuid>
        <visibility>
            <advertise>false</advertise>
            <hierarchy>true</hierarchy>
            <indexable>true</indexable>
            <quota>false</quota>
            <searchable>true</searchable>
            <system>false</system>
            <unlogged>false</unlogged>
        </visibility>
        <definition>a!localVariables(
  local!record: #"4e9b7227-6cd1-4743-9fd2-fb6883047909_GETONERECORD"(ri!id),
  {
    #"_a-0000e423-b12f-8000-9bb2-011c48011c48_3539268"(
      record: local!record,
      creating: false,
      readOnly: true,
      documents: if(
        isnull(local!record.folderId),
        {},
        folder(local!record.folderId, "documentChildren")
      )
    ),
    #"_a-0000e423-b12f-8000-9bb2-011c48011c48_3539272"(ri!id)
  }
)</definition>
        <namedTypedValue>
            <name>id</name>
            <type>
                <name>int</name>
                <namespace>http://www.w3.org/2001/XMLSchema</namespace>
            </type>
        </namedTypedValue>
        <preferredEditor>interface</preferredEditor>
        <offlineEnabled>false</offlineEnabled>
    </rule>
    <roleMap public="true">
        <role inherit="true" allowForAll="false" name="readers">
            <users/>
            <groups/>
        </role>
        <role inherit="true" allowForAll="false" name="authors">
            <users/>
            <groups/>
        </role>
        <role inherit="true" allowForAll="false" name="administrators">
            <users/>
            <groups/>
        </role>
        <role inherit="false" allowForAll="false" name="denyReaders">
            <users/>
            <groups/>
        </role>
        <role inherit="false" allowForAll="false" name="denyAuthors">
            <users/>
            <groups/>
        </role>
        <role inherit="false" allowForAll="false" name="denyAdministrators">
            <users/>
            <groups/>
        </role>
    </roleMap>
    <history>
        <historyInfo versionUuid="_a-0000e423-b12f-8000-9bb2-011c48011c48_3539638"/>
    </history>
</contentHaul>
