<?xml version="1.0" encoding="UTF-8" standalone="yes"?>
<contentHaul xmlns:a="http://www.appian.com/ae/types/2009">
    <versionUuid>_a-0000e423-b12f-8000-9bb2-011c48011c48_3539373</versionUuid>
    <rulesFolder>
        <name>L Utility Rules</name>
        <uuid>f3d058c8-80b0-4ca5-8e70-2ae6b5e07498</uuid>
        <description>Folder containing all utility rules for data manipulation in the LMB_FF application [Base]</description>
        <parentUuid>b257ca21-87dd-4cd1-bf3f-d4b3f2fbf00e</parentUuid>
        <visibility>
            <advertise>false</advertise>
            <hierarchy>true</hierarchy>
            <indexable>true</indexable>
            <quota>false</quota>
            <searchable>true</searchable>
            <system>false</system>
            <unlogged>false</unlogged>
        </visibility>
    </rulesFolder>
    <roleMap public="true">
        <role inherit="true" allowForAll="false" name="readers">
            <users/>
            <groups/>
        </role>
        <role inherit="true" allowForAll="false" name="authors">
            <users/>
            <groups/>
        </role>
        <role inherit="true" allowForAll="false" name="administrators">
            <users/>
            <groups/>
        </role>
        <role inherit="false" allowForAll="false" name="denyReaders">
            <users/>
            <groups/>
        </role>
        <role inherit="false" allowForAll="false" name="denyAuthors">
            <users/>
            <groups/>
        </role>
        <role inherit="false" allowForAll="false" name="denyAdministrators">
            <users/>
            <groups/>
        </role>
    </roleMap>
    <history>
        <historyInfo versionUuid="_a-0000e423-b12f-8000-9bb2-011c48011c48_3539373"/>
    </history>
</contentHaul>
