<?xml version="1.0" encoding="UTF-8" standalone="yes"?>
<webApiHaul xmlns:a="http://www.appian.com/ae/types/2009">
    <versionUuid>3a76715e-e897-4058-bcf6-e48810d5f2ad</versionUuid>
    <webApi a:uuid="0a3cc2c9-6467-41b4-84aa-bdf0ca6e8660" name="GetFeatures2">
        <a:description>desc</a:description>
        <a:expression>a!localVariables(
  /*
  * Run the "queryEntity()" function on "cons!L_FEATURE_FLAG_DSE" to retrieve data for the
  * first 50 data store entities and store this in a local variable named
  * "local!entities".
  */
  local!entities: #"SYSTEM_SYSRULES_queryEntity_v1"(
    entity: cons!L_FEATURE_FLAG_DS,
    query: #"SYSTEM_SYSRULES_query"(
      pagingInfo: #"SYSTEM_SYSRULES_pagingInfo"(
        startIndex: 1,
        batchSize: 50
      )
    ),
    fetchTotalCount: true
  ).data,

  /*
  * Construct an HTTP response that contains the information that we just stored
  * in "local!entities".
  */
  #"SYSTEM_SYSRULES_httpResponse_v1"(
    /*
    * Set an HTTP header that tells the client that the body of the response
    * will be JSON-encoded.
    */
    headers: {
      #"SYSTEM_SYSRULES_httpHeader"(name: "Content-Type", value: "application/json")
    },
    /*
    * JSON-encode the value of "local!entities" and place it in the response body.
    */
    body: #"SYSTEM_SYSRULES_toJson_v1"(value: local!entities)
  )
)</a:expression>
        <a:urlAlias>feature</a:urlAlias>
        <a:httpMethod>GET</a:httpMethod>
        <a:system>false</a:system>
        <a:requestBodyType>NONE</a:requestBodyType>
    </webApi>
    <roleMap>
        <role name="web_api_administrator">
            <users>
                <userUuid>luis.monzon</userUuid>
            </users>
            <groups/>
        </role>
    </roleMap>
    <typedValue>
        <type>
            <name>WebApiRequest?list</name>
            <namespace>http://www.appian.com/ae/types/2009</namespace>
        </type>
        <value>
            <el>
                <a:path/>
                <a:body/>
            </el>
        </value>
    </typedValue>
    <history>
        <historyInfo versionUuid="3a76715e-e897-4058-bcf6-e48810d5f2ad"/>
    </history>
</webApiHaul>
