<?xml version="1.0" encoding="UTF-8" standalone="yes"?>
<webApiHaul xmlns:a="http://www.appian.com/ae/types/2009">
    <versionUuid>49a50c57-d5ee-400d-bfaa-922b2e287cc1</versionUuid>
    <webApi a:uuid="7b9b1aa7-34af-4605-90f2-2c96ff268238" name="CreateFeature">
        <a:description>des</a:description>
        <a:expression>a!localVariables(
  local!value: cast(
    'type!{urn:com:appian:types:L}L_FeatureFlag',
    #"SYSTEM_SYSRULES_fromJson_v1"(http!request.body)
  ),
  #"SYSTEM_SYSRULES_writeToDataStoreEntity"(
    dataStoreEntity: #"6d78e7f2-9fad-4a28-a2f8-cf72d04f711b_MAINDSECONSTANT",
    valueToStore: local!value,
    onSuccess: #"SYSTEM_SYSRULES_httpResponse_v1"(
      statusCode: 200,
      headers: {
        #"SYSTEM_SYSRULES_httpHeader"(name: "Content-Type", value: "application/json")
      },
      body: #"SYSTEM_SYSRULES_toJson_v1"(
        fv!storedValues
      )
    ),
    onError: #"SYSTEM_SYSRULES_httpResponse_v1"(
      statusCode: 500,
      headers: {
        #"SYSTEM_SYSRULES_httpHeader"(name: "Content-Type", value: "application/json")
      },
      body: #"SYSTEM_SYSRULES_toJson_v1"(
        {
          error: "There was an error writing to the data store"
        }
      )
    )
  )
)</a:expression>
        <a:urlAlias>features</a:urlAlias>
        <a:httpMethod>POST</a:httpMethod>
        <a:system>false</a:system>
        <a:requestBodyType>NONE</a:requestBodyType>
    </webApi>
    <roleMap>
        <role name="web_api_administrator">
            <users>
                <userUuid>luis.monzon</userUuid>
            </users>
            <groups/>
        </role>
    </roleMap>
    <typedValue>
        <type>
            <name>WebApiRequest?list</name>
            <namespace>http://www.appian.com/ae/types/2009</namespace>
        </type>
        <value>
            <el>
                <a:path/>
                <a:headers>
                    <a:name>Content-Type</a:name>
                    <a:value>application/json</a:value>
                </a:headers>
                <a:body>{}</a:body>
            </el>
        </value>
    </typedValue>
    <history>
        <historyInfo versionUuid="49a50c57-d5ee-400d-bfaa-922b2e287cc1"/>
    </history>
</webApiHaul>
