<?xml version="1.0" encoding="UTF-8" standalone="yes"?>
<tempoFeedHaul xmlns:a="http://www.appian.com/ae/types/2009">
    <versionUuid>250cd392-459d-46c3-8006-59d8ae18e35f</versionUuid>
    <tempoFeed>
        <uuid>c564c675-062f-4865-815a-c734795c1489</uuid>
        <name>LMB_FF</name>
        <description>Feed for updates about Feature Flags</description>
        <showInCatalog>true</showInCatalog>
        <systemFeed>false</systemFeed>
    </tempoFeed>
    <roleMap>
        <role name="administrator">
            <users/>
            <groups>
                <groupUuid>_e-0000e423-b12f-8000-9afe-01075c01075c_13326</groupUuid>
            </groups>
        </role>
    </roleMap>
    <history>
        <historyInfo versionUuid="250cd392-459d-46c3-8006-59d8ae18e35f"/>
    </history>
</tempoFeedHaul>
