<?xml version="1.0" encoding="UTF-8" standalone="yes"?>
<taskReportHaul xmlns:a="http://www.appian.com/ae/types/2009">
    <versionUuid>949c3324-2a79-4460-9b8f-e682fc6b116b</versionUuid>
    <taskReport a:uuid="fcd7b5ac-5651-4df9-8bcc-40b36c85a057" name="LMB_FF">
        <a:description>Task report showing open tasks in the LMB_FF application [Tasking]</a:description>
        <a:uiExpr>=#"_a-0000e423-b12f-8000-9bb2-011c48011c48_3539312"()</a:uiExpr>
        <a:urlStub>oPQ9Rg</a:urlStub>
    </taskReport>
    <roleMap>
        <role name="report_administrator">
            <users/>
            <groups>
                <groupUuid>_e-0000e423-b12f-8000-9afe-01075c01075c_13326</groupUuid>
            </groups>
        </role>
        <role name="report_viewer">
            <users/>
            <groups>
                <groupUuid>_e-0000e423-b12f-8000-9afe-01075c01075c_13328</groupUuid>
            </groups>
        </role>
    </roleMap>
    <history>
        <historyInfo versionUuid="949c3324-2a79-4460-9b8f-e682fc6b116b"/>
    </history>
</taskReportHaul>
