<?xml version="1.0" encoding="UTF-8" standalone="yes"?>
<tempoReportHaul xmlns:a="http://www.appian.com/ae/types/2009">
    <versionUuid>d1cd8351-d2c6-49de-9548-57f5e98ccf91</versionUuid>
    <tempoReport a:uuid="3b47c0e6-33bb-4b25-8590-51f53b3fbf81" name="SantanderMock3">
        <a:description></a:description>
        <a:uiExpr>=#"_a-0000e0ef-20d6-8000-9ba2-011c48011c48_904032"()</a:uiExpr>
        <a:urlStub>UjIEzA</a:urlStub>
    </tempoReport>
    <roleMap/>
    <history>
        <historyInfo versionUuid="d1cd8351-d2c6-49de-9548-57f5e98ccf91"/>
    </history>
</tempoReportHaul>
