<?xml version="1.0" encoding="UTF-8" standalone="yes"?>
<tempoReportHaul xmlns:a="http://www.appian.com/ae/types/2009">
    <versionUuid>ad271963-2952-43b4-8154-495d5eaa286f</versionUuid>
    <tempoReport a:uuid="71cc5042-ceff-454d-a46b-305fd54a2ac4" name="SantanderMock4">
        <a:description></a:description>
        <a:uiExpr>=#"_a-0000e0ef-20d6-8000-9ba2-011c48011c48_903917"()</a:uiExpr>
        <a:urlStub>rUenIg</a:urlStub>
    </tempoReport>
    <roleMap/>
    <history>
        <historyInfo versionUuid="ad271963-2952-43b4-8154-495d5eaa286f"/>
    </history>
</tempoReportHaul>
