<?xml version="1.0" encoding="UTF-8" standalone="yes"?>
<tempoReportHaul xmlns:a="http://www.appian.com/ae/types/2009">
    <versionUuid>e0088233-e746-4daf-998b-2571b7f5901a</versionUuid>
    <tempoReport a:uuid="73c51f47-f0b3-4acb-bc98-710490e82678" name="SantaderMock">
        <a:description></a:description>
        <a:uiExpr>=#"_a-0000e0ef-20d6-8000-9ba2-011c48011c48_903618"()</a:uiExpr>
        <a:urlStub>C-bO8w</a:urlStub>
    </tempoReport>
    <roleMap/>
    <history>
        <historyInfo versionUuid="e0088233-e746-4daf-998b-2571b7f5901a"/>
    </history>
</tempoReportHaul>
