<?xml version="1.0" encoding="UTF-8" standalone="yes"?>
<tempoReportHaul xmlns:a="http://www.appian.com/ae/types/2009">
    <versionUuid>6c817298-cd65-4892-a3f6-f6b1ca0c5706</versionUuid>
    <tempoReport a:uuid="993d6905-8f42-439a-8761-e5559eabac9c" name="SantanderMock2">
        <a:description></a:description>
        <a:uiExpr>=#"_a-0000e0ef-20d6-8000-9ba2-011c48011c48_903683"()</a:uiExpr>
        <a:urlStub>V_vc7g</a:urlStub>
    </tempoReport>
    <roleMap/>
    <history>
        <historyInfo versionUuid="6c817298-cd65-4892-a3f6-f6b1ca0c5706"/>
    </history>
</tempoReportHaul>
