<?xml version="1.0" encoding="UTF-8" standalone="yes"?>
<tempoReportHaul xmlns:a="http://www.appian.com/ae/types/2009">
    <versionUuid>324f45ec-8da3-48fe-81ce-a8fca45d1624</versionUuid>
    <tempoReport a:uuid="b8a7af45-129f-4396-9ca7-f9b66f6a399b" name="EjemploSanMexico2">
        <a:description></a:description>
        <a:uiExpr>=#"_a-0000e141-8c60-8000-9ba2-011c48011c48_992877"()</a:uiExpr>
        <a:urlStub>EHNrCg</a:urlStub>
    </tempoReport>
    <roleMap/>
    <history>
        <historyInfo versionUuid="324f45ec-8da3-48fe-81ce-a8fca45d1624"/>
    </history>
</tempoReportHaul>
