<?xml version="1.0" encoding="UTF-8" standalone="yes"?>
<tempoReportHaul xmlns:a="http://www.appian.com/ae/types/2009">
    <versionUuid>afb928e5-698a-4414-aaa8-57b6ce4d3639</versionUuid>
    <tempoReport a:uuid="bd76f84b-7e65-4938-9a84-b701c191ccce" name="SantanderMock5">
        <a:description></a:description>
        <a:uiExpr>=#"_a-0000e0ef-20d6-8000-9ba2-011c48011c48_904235"()</a:uiExpr>
        <a:urlStub>3f1rzA</a:urlStub>
    </tempoReport>
    <roleMap/>
    <history>
        <historyInfo versionUuid="afb928e5-698a-4414-aaa8-57b6ce4d3639"/>
    </history>
</tempoReportHaul>
