<?xml version="1.0" encoding="UTF-8" standalone="yes"?>
<tempoReportHaul xmlns:a="http://www.appian.com/ae/types/2009">
    <versionUuid>058ef217-b37c-44a3-9715-f2755e164844</versionUuid>
    <tempoReport a:uuid="f9cfd2c7-2eab-4256-9bc4-3bf15f9985d4" name="EjemploSanMexico">
        <a:description></a:description>
        <a:uiExpr>=#"_a-0000e141-8c60-8000-9ba2-011c48011c48_992473"()</a:uiExpr>
        <a:urlStub>qu2HUw</a:urlStub>
    </tempoReport>
    <roleMap/>
    <history>
        <historyInfo versionUuid="058ef217-b37c-44a3-9715-f2755e164844"/>
    </history>
</tempoReportHaul>
