<?xml version="1.0" encoding="UTF-8" standalone="yes"?>
<taskReportHaul xmlns:a="http://www.appian.com/ae/types/2009">
    <versionUuid>e7135019-1c45-4d03-8f1d-d1b9491812e3</versionUuid>
    <taskReport a:uuid="8642448d-e652-4b8e-8a37-2e8abcd19950" name="LMB_Application Deployments">
        <a:description>Task report showing open tasks in the LMB_Application Deployments application [Tasking]</a:description>
        <a:uiExpr>=#"_a-0000e442-b8c9-8000-02fa-48ef9048ef90_7368"()</a:uiExpr>
        <a:urlStub>dcWQqw</a:urlStub>
    </taskReport>
    <roleMap>
        <role name="report_administrator">
            <users/>
            <groups>
                <groupUuid>_e-0000e442-b8c9-8000-02fa-481e94481e94_28</groupUuid>
            </groups>
        </role>
        <role name="report_viewer">
            <users/>
            <groups>
                <groupUuid>_e-0000e442-b8c9-8000-02fa-481e94481e94_30</groupUuid>
            </groups>
        </role>
    </roleMap>
    <history>
        <historyInfo versionUuid="e7135019-1c45-4d03-8f1d-d1b9491812e3"/>
    </history>
</taskReportHaul>
