<?xml version="1.0" encoding="UTF-8" standalone="yes"?>
<contentHaul xmlns:a="http://www.appian.com/ae/types/2009">
    <versionUuid>_a-0000df95-54b0-8000-d1ba-01ef9001ef90_36150</versionUuid>
    <communityKnowledgeCenter>
        <name>C Documents</name>
        <uuid>48ed5f05-b85f-4d3a-817e-b2904a4fab1f_KC</uuid>
        <description>Knowledge Center containing record and message attachments for Certificaciones [Document Management]</description>
        <parentUuid>SYSTEM_COMMUNITY_ROOT</parentUuid>
        <visibility>
            <advertise>true</advertise>
            <hierarchy>true</hierarchy>
            <indexable>true</indexable>
            <quota>false</quota>
            <searchable>true</searchable>
            <system>false</system>
            <unlogged>false</unlogged>
        </visibility>
        <expirationDays>0</expirationDays>
    </communityKnowledgeCenter>
    <roleMap public="true">
        <role inherit="false" allowForAll="false" name="readers">
            <users/>
            <groups/>
        </role>
        <role inherit="false" allowForAll="false" name="authors">
            <users/>
            <groups>
                <groupUuid>_e-0000df95-5497-8000-d182-011e94011e94_25</groupUuid>
            </groups>
        </role>
        <role inherit="true" allowForAll="false" name="administrators">
            <users/>
            <groups>
                <groupUuid>_e-0000df95-5497-8000-d182-011e94011e94_24</groupUuid>
            </groups>
        </role>
        <role inherit="false" allowForAll="false" name="denyReaders">
            <users/>
            <groups/>
        </role>
        <role inherit="false" allowForAll="false" name="denyAuthors">
            <users/>
            <groups/>
        </role>
        <role inherit="false" allowForAll="false" name="denyAdministrators">
            <users/>
            <groups/>
        </role>
    </roleMap>
    <history>
        <historyInfo versionUuid="_a-0000df95-54b0-8000-d1ba-01ef9001ef90_36150"/>
    </history>
</contentHaul>
