<?xml version="1.0" encoding="UTF-8" standalone="yes"?>
<contentHaul xmlns:a="http://www.appian.com/ae/types/2009">
    <versionUuid>_a-0000e0ef-20d6-8000-9ba2-011c48011c48_904208</versionUuid>
    <rule>
        <name>CardsTest</name>
        <uuid>762d0401-7c6a-4e17-b03c-724d14407615</uuid>
        <description></description>
        <parentUuid>_a-0000e075-f2c0-8000-9ba2-011c48011c48_584947</parentUuid>
        <visibility>
            <advertise>false</advertise>
            <hierarchy>true</hierarchy>
            <indexable>true</indexable>
            <quota>false</quota>
            <searchable>true</searchable>
            <system>false</system>
            <unlogged>false</unlogged>
        </visibility>
        <definition>{
      #"SYSTEM_SYSRULES_billboardLayout"(
          backgroundMedia: #"SYSTEM_SYSRULES_documentImage"(
            document: 66529
          ),
        backgroundColor: "#666666",
        overlaypositionbar: "MIDDLE",
        overlaypositioncolumn: "START",
        overlayStyle: "DARK",
        overlayContents: {
          #"SYSTEM_SYSRULES_sideBySideLayout"(
            items: {
              #"SYSTEM_SYSRULES_sideBySideItem"(
                item: #"SYSTEM_SYSRULES_richTextDisplayField"(
                  label: "Rich Text",
                  labelPosition: "COLLAPSED",
                  value: {
                    #"SYSTEM_SYSRULES_richTextItem_v1"(
                      text: {"3M CO (MMM US)"},
                      color: "#e8e9f9",
                      size: "LARGE",
                      style: {
                        "STRONG"
                      }
                    )
                  }
                )
              )
            },
            spacing: "SPARSE"
          ),
          #"SYSTEM_SYSRULES_columnsLayout"(
            columns: {
              #"SYSTEM_SYSRULES_columnLayout"(
                contents: {
                  #"SYSTEM_SYSRULES_sideBySideLayout"(
                    items: {
                      #"SYSTEM_SYSRULES_sideBySideItem"(
                        item: #"SYSTEM_SYSRULES_imageField_v1"(
                        images:
                        #"SYSTEM_SYSRULES_documentImage"(
                          document: 66527
                        ),
                          size: "TINY")
                      ),
                      #"SYSTEM_SYSRULES_sideBySideItem"(
                        item: #"SYSTEM_SYSRULES_richTextDisplayField"(
                          label: "Rich Text",
                          labelPosition: "COLLAPSED",
                          value: {
                             #"SYSTEM_SYSRULES_richTextIcon"(
                              icon: "map-marker",
                               size: "LARGE"
                            ),
                            /*a!richTextItem(*/
                              /*text: {" País   "},*/
                              /*size: "SMALL",*/
                              /*style: {*/
                                /*"EMPHASIS"*/
                              /*}*/
                            /*),*/
                            #"SYSTEM_SYSRULES_richTextItem_v1"(
                              text: {" US  "},
                              size: "MEDIUM",
                              style: {
                                "STRONG"
                              }
                            ),
                            #"SYSTEM_SYSRULES_richTextImage"(
                              image: #"SYSTEM_SYSRULES_documentImage"(
                                document: 66484
                              )
                            )
                          },
                          align: "LEFT"
                        )
                      )
                    }
                  ),
                  #"SYSTEM_SYSRULES_sideBySideLayout"(
                    items: {
                      #"SYSTEM_SYSRULES_sideBySideItem"(
                        item: #"SYSTEM_SYSRULES_richTextDisplayField"(
                          label: "Rich Text",
                          labelPosition: "COLLAPSED",
                          value: {
                            #"SYSTEM_SYSRULES_richTextIcon"(
                              icon: "industry"
                            ),
                            #"SYSTEM_SYSRULES_richTextItem_v1"(
                              text: {" Sector   "},
                              size: "SMALL",
                              style: {
                                "EMPHASIS"
                              }
                            ),
                            #"SYSTEM_SYSRULES_richTextItem_v1"(
                              text: {"Industrial"},
                              size: "MEDIUM",
                              style: {
                                "STRONG"
                              }
                            )
                          },
                          align: "LEFT"
                        )
                      ),
                      #"SYSTEM_SYSRULES_sideBySideItem"(
                        item: #"SYSTEM_SYSRULES_richTextDisplayField"(
                          label: "Rich Text",
                          labelPosition: "COLLAPSED",
                          value: {
                            #"SYSTEM_SYSRULES_richTextItem_v1"(
                              text: {"GLCS   "},
                              size: "SMALL",
                              style: {
                                "EMPHASIS"
                              }
                            ),
                            #"SYSTEM_SYSRULES_richTextItem_v1"(
                              text: {"53 MC"},
                              size: "MEDIUM",
                              style: {
                                "STRONG"
                              }
                            )
                          },
                          align: "LEFT"
                        )
                      ),
                      #"SYSTEM_SYSRULES_sideBySideItem"(
                        item: #"SYSTEM_SYSRULES_richTextDisplayField"(
                          label: "Rich Text",
                          labelPosition: "COLLAPSED",
                          value: {
                            #"SYSTEM_SYSRULES_richTextIcon"(
                              icon: "sitemap"
                            ),
                            #"SYSTEM_SYSRULES_richTextItem_v1"(
                              text: {" Segmento   "},
                              size: "SMALL",
                              style: {
                                "EMPHASIS"
                              }
                            ),
                            #"SYSTEM_SYSRULES_richTextItem_v1"(
                              text: {" SEG"},
                              size: "MEDIUM",
                              style: {
                                "STRONG"
                              }
                            )
                          },
                          align: "LEFT"
                        )
                      ),
                      #"SYSTEM_SYSRULES_sideBySideItem"(
                        item: #"SYSTEM_SYSRULES_richTextDisplayField"(
                          label: "Rich Text",
                          labelPosition: "COLLAPSED",
                          value: {
                            #"SYSTEM_SYSRULES_richTextItem_v1"(
                              text: {"CD Group   "},
                              size: "SMALL",
                              style: {
                                "EMPHASIS"
                              }
                            ),
                            #"SYSTEM_SYSRULES_richTextItem_v1"(
                              text: {"1233"},
                              size: "MEDIUM",
                              style: {
                                "STRONG"
                              }
                            )
                          },
                          align: "LEFT"
                        )
                      )
                    }
                  ),
                  #"SYSTEM_SYSRULES_richTextDisplayField"(
                    label: "Rich Text",
                    labelPosition: "COLLAPSED",
                    value: {}
                  ),
                  #"SYSTEM_SYSRULES_cardLayout"(
                    
                    contents: {
                      #"SYSTEM_SYSRULES_sideBySideLayout"(
                        items: {
                          #"SYSTEM_SYSRULES_sideBySideItem"(
                            item: #"SYSTEM_SYSRULES_richTextDisplayField"(
                              label: "Rich Text",
                              labelPosition: "COLLAPSED",
                              value: {
                                #"SYSTEM_SYSRULES_richTextIcon"(
                                  icon: "anchor",
                                  size: "LARGE"
                                ),
                                #"SYSTEM_SYSRULES_richTextItem_v1"(
                                  text: {" Límite" },
                                  color: "",
                                  size: "LARGE",
                                  style: {
                                    "STRONG"
                                  }
                                )
                              },
                              align: "LEFT"
                            )
                          ),
                          #"SYSTEM_SYSRULES_sideBySideItem"(
                            item: #"SYSTEM_SYSRULES_richTextDisplayField"(
                              label: "Rich Text",
                              labelPosition: "COLLAPSED",
                              value: {
                                #"SYSTEM_SYSRULES_richTextItem_v1"(
                                  text: {"120MM"},
                                  color: "",
                                  size: "LARGE",
                                  style: {
                                    "STRONG"
                                  }
                                )
                              },
                              align: "CENTER"
                            )
                          )
                        }
                      )
                    },
                    style: "#b62721",
                    height: "AUTO"
                  )
                }
              ),
              #"SYSTEM_SYSRULES_columnLayout"(
                contents: {
                  #"SYSTEM_SYSRULES_richTextDisplayField"(
                    label: "Rich Text",
                    labelPosition: "COLLAPSED",
                    value: {
                      #"SYSTEM_SYSRULES_richTextIcon"(
                        icon: "bar-chart",
                        size:"MEDIUM"
                      ),
                      #"SYSTEM_SYSRULES_richTextItem_v1"(
                        text: {" Ratings"},
                        color: "",
                        size: "MEDIUM",
                        style: {
                          "STRONG"
                        }
                      )
                    },
                    align: "LEFT"
                  ),
                    #"SYSTEM_SYSRULES_milestoneField"(
                    label: "Milestone",
                    labelPosition: "COLLAPSED",
                    steps: {"", ""},
                    links: {},
                    active: null
                  ),
                  {
                      #"SYSTEM_SYSRULES_columnsLayout"(
                        columns: {
                          #"SYSTEM_SYSRULES_columnLayout"(
                            contents: {}
                          ),
                          #"SYSTEM_SYSRULES_columnLayout"(
                            contents: {
                              #"SYSTEM_SYSRULES_richTextDisplayField"(
                                label: "Rich Text",
                                labelPosition: "COLLAPSED",
                                value: {
                                  #"SYSTEM_SYSRULES_richTextItem_v1"(
                                    text: {"Internacional"},
                                    color: "",
                                    size: "SMALL",
                                    style: {
                                      "EMPHASIS"
                                    }
                                  )
                                },
                                align: "CENTER"
                              )
                            }
                          ),
                          #"SYSTEM_SYSRULES_columnLayout"(
                            contents: {
                              #"SYSTEM_SYSRULES_richTextDisplayField"(
                                label: "Rich Text",
                                labelPosition: "COLLAPSED",
                                value: {
                                  #"SYSTEM_SYSRULES_richTextItem_v1"(
                                    text: {"Local"},
                                    color: "",
                                    size: "SMALL",
                                    style: {
                                      "EMPHASIS"
                                    }
                                  )
                                },
                                align: "CENTER"
                              )
                            }
                          )
                        }
                      ),
                      #"SYSTEM_SYSRULES_sideBySideLayout"(
                        items: {
                          #"SYSTEM_SYSRULES_sideBySideItem"(
                            item: #"SYSTEM_SYSRULES_richTextDisplayField"(
                              label: "Rich Text",
                              labelPosition: "COLLAPSED",
                              value: {
                                #"SYSTEM_SYSRULES_richTextItem_v1"(
                                  text: {"S&amp;P"},
                                  size: "SMALL",
                                  style: {
                                    "EMPHASIS",
                                    "STRONG"
                                  }
                                )
                              },
                              align: "LEFT"
                            )
                          ),
                          #"SYSTEM_SYSRULES_sideBySideItem"(
                            item: #"SYSTEM_SYSRULES_richTextDisplayField"(
                              label: "",
                              labelPosition: "COLLAPSED",
                              helptooltip: "S&amp;P",
                              value: {
                                #"SYSTEM_SYSRULES_richTextItem_v1"(
                                  text: {"-"},
                                  size: "MEDIUM",
                                  style: {}
                                )
                              },
                              align: "CENTER"
                            )
                          ),
                          #"SYSTEM_SYSRULES_sideBySideItem"(
                            item: #"SYSTEM_SYSRULES_richTextDisplayField"(
                              label: "Rich Text",
                              labelPosition: "COLLAPSED",
                              instructions: "",
                              helptooltip: "",
                              value: {
                                #"SYSTEM_SYSRULES_richTextItem_v1"(
                                  text: {"AA-"},
                                  size: "MEDIUM",
                                  style: {
                                  }
                                )
                              },
                              align: "CENTER"
                            )
                          )
                        }
                      ),
                      #"SYSTEM_SYSRULES_sideBySideLayout"(
                        items: {
                          #"SYSTEM_SYSRULES_sideBySideItem"(
                            item: #"SYSTEM_SYSRULES_richTextDisplayField"(
                              label: "Rich Text",
                              labelPosition: "COLLAPSED",
                              value: {
                                #"SYSTEM_SYSRULES_richTextItem_v1"(
                                  text: {"Moody's"},
                                  size: "SMALL",
                                  style: {
                                    "EMPHASIS",
                                    "STRONG"
                                  }
                                )
                              },
                              align: "LEFT"
                            )
                          ),
                          #"SYSTEM_SYSRULES_sideBySideItem"(
                            item: #"SYSTEM_SYSRULES_richTextDisplayField"(
                              label: "",
                              labelPosition: "COLLAPSED",
                              helptooltip: "S&amp;P",
                              value: {
                                #"SYSTEM_SYSRULES_richTextItem_v1"(
                                  text: {"-"},
                                  size: "MEDIUM",
                                  style: {}
                                )
                              },
                              align: "CENTER"
                            )
                          ),
                          #"SYSTEM_SYSRULES_sideBySideItem"(
                            item: #"SYSTEM_SYSRULES_richTextDisplayField"(
                              label: "Rich Text",
                              labelPosition: "COLLAPSED",
                              value: {
                                #"SYSTEM_SYSRULES_richTextItem_v1"(
                                  text: {"NA"},
                                  size: "MEDIUM",
                                  style: {
                                  }
                                )
                              },
                              align: "CENTER"
                            )
                          )
                        }
                      ),
                      #"SYSTEM_SYSRULES_sideBySideLayout"(
                        items: {
                          #"SYSTEM_SYSRULES_sideBySideItem"(
                            item: #"SYSTEM_SYSRULES_richTextDisplayField"(
                              label: "Rich Text",
                              labelPosition: "COLLAPSED",
                              value: {
                                #"SYSTEM_SYSRULES_richTextItem_v1"(
                                  text: {"Fitch"},
                                  size: "SMALL",
                                  style: {
                                    "EMPHASIS",
                                    "STRONG"
                                  }
                                )
                              },
                              align: "LEFT"
                            )
                          ),
                          #"SYSTEM_SYSRULES_sideBySideItem"(
                            item: #"SYSTEM_SYSRULES_richTextDisplayField"(
                              label: "",
                              labelPosition: "COLLAPSED",
                              helptooltip: "S&amp;P",
                              value: {
                                #"SYSTEM_SYSRULES_richTextItem_v1"(
                                  text: {"-"},
                                  size: "MEDIUM",
                                  style: {}
                                )
                              },
                              align: "CENTER"
                            )
                          ),
                          #"SYSTEM_SYSRULES_sideBySideItem"(
                            item: #"SYSTEM_SYSRULES_richTextDisplayField"(
                              label: "Rich Text",
                              labelPosition: "COLLAPSED",
                              value: {
                                #"SYSTEM_SYSRULES_richTextItem_v1"(
                                  text: {"NA"},
                                  size: "MEDIUM",
                                  style: {
                                  }
                                )
                              },
                              align: "CENTER"
                            )
                          )
                        }
                      ),
                      #"SYSTEM_SYSRULES_sideBySideLayout"(
                        items: {
                          #"SYSTEM_SYSRULES_sideBySideItem"(
                            item: #"SYSTEM_SYSRULES_richTextDisplayField"(
                              label: "Rich Text",
                              labelPosition: "COLLAPSED",
                              value: {}
                            )
                          ),
                          #"SYSTEM_SYSRULES_sideBySideItem"(
                            item: #"SYSTEM_SYSRULES_richTextDisplayField"(
                              label: "Rich Text",
                              labelPosition: "COLLAPSED",
                              value: {
                                #"SYSTEM_SYSRULES_richTextItem_v1"(
                                  text: {"REXCO "},
                                  size: "SMALL",
                                  style: {
                                    "EMPHASIS",
                                    "STRONG"
                                  }
                                ),
                                #"SYSTEM_SYSRULES_richTextItem_v1"(
                                  text: {" A1"},
                                  size: "SMALL",
                                  style: {
                                    "EMPHASIS"
                                  }
                                )
                              },
                              align: "CENTER"
                            )
                          ),
                          #"SYSTEM_SYSRULES_sideBySideItem"(
                            item: #"SYSTEM_SYSRULES_richTextDisplayField"(
                              label: "Rich Text",
                              labelPosition: "COLLAPSED",
                              helptooltip: "Rating SAN",
                              value: {
                                 #"SYSTEM_SYSRULES_richTextItem_v1"(
                                  text:"Rating SAN  "
                                ),
                                #"SYSTEM_SYSRULES_richTextItem_v1"(
                                  text: {"-"},
                                  size: "SMALL",
                                  style: {
                                    "EMPHASIS"
                                  }
                                )
                                 
                              },
                              align: "CENTER"
                            )
                          )
                        }
                      )
                    }
                }
              ),
              #"SYSTEM_SYSRULES_columnLayout"(
                contents: {
                      #"SYSTEM_SYSRULES_richTextDisplayField"(
                        label: "Rich Text",
                        labelPosition: "COLLAPSED",
                        value: {
                          #"SYSTEM_SYSRULES_richTextIcon"(icon: "money",
                          size: "MEDIUM"),
                          #"SYSTEM_SYSRULES_richTextItem_v1"(
                            text: {" Liquidez"},
                            color: "",
                            size: "MEDIUM",
                            style: {
                              "STRONG"
                            }
                          )
                        },
                        align: "LEFT"
                      ),
                  #"SYSTEM_SYSRULES_milestoneField"(
                    label: "Milestone",
                    labelPosition: "COLLAPSED",
                    steps: {"", ""},
                    links: {},
                    active: null
                  ),
                      #"SYSTEM_SYSRULES_sideBySideLayout"(
                        items: {
                          #"SYSTEM_SYSRULES_sideBySideItem"(
                            item: #"SYSTEM_SYSRULES_richTextDisplayField"(
                              label: "Rich Text",
                              labelPosition: "COLLAPSED",
                              value: {
                                #"SYSTEM_SYSRULES_richTextItem_v1"(
                                  text: {"CDS"},
                                  size: "SMALL",
                                  style: {
                                    "EMPHASIS",
                                    "STRONG"
                                  }
                                )
                              },
                              align: "LEFT"
                            )
                          ),
                          #"SYSTEM_SYSRULES_sideBySideItem"(
                            item: #"SYSTEM_SYSRULES_richTextDisplayField"(
                              label: "",
                              labelPosition: "COLLAPSED",
                              helptooltip: "S&amp;P",
                              value: {
                                #"SYSTEM_SYSRULES_richTextItem_v1"(
                                  text: {"-"},
                                  size: "MEDIUM",
                                  style: {}
                                )
                              },
                              align: "CENTER"
                            )
                          )
                        }
                      ),
                      #"SYSTEM_SYSRULES_sideBySideLayout"(
                        items: {
                          #"SYSTEM_SYSRULES_sideBySideItem"(
                            item: #"SYSTEM_SYSRULES_richTextDisplayField"(
                              label: "Rich Text",
                              labelPosition: "COLLAPSED",
                              value: {
                                #"SYSTEM_SYSRULES_richTextItem_v1"(
                                  text: {"Bond"},
                                  size: "SMALL",
                                  style: {
                                    "EMPHASIS",
                                    "STRONG"
                                  }
                                )
                              },
                              align: "LEFT"
                            )
                          ),
                          #"SYSTEM_SYSRULES_sideBySideItem"(
                            item: #"SYSTEM_SYSRULES_richTextDisplayField"(
                              label: "",
                              labelPosition: "COLLAPSED",
                              helptooltip: "S&amp;P",
                              value: {
                                #"SYSTEM_SYSRULES_richTextItem_v1"(
                                  text: {"-"},
                                  size: "MEDIUM",
                                  style: {}
                                )
                              },
                              align: "CENTER"
                            )
                          )
                        }
                      ),
                      #"SYSTEM_SYSRULES_sideBySideLayout"(
                        items: {
                          #"SYSTEM_SYSRULES_sideBySideItem"(
                            item: #"SYSTEM_SYSRULES_richTextDisplayField"(
                              label: "Rich Text",
                              labelPosition: "COLLAPSED",
                              value: {
                                #"SYSTEM_SYSRULES_richTextItem_v1"(
                                  text: {"Outstanding"},
                                  size: "SMALL",
                                  style: {
                                    "EMPHASIS",
                                    "STRONG"
                                  }
                                )
                              },
                              align: "LEFT"
                            )
                          ),
                          #"SYSTEM_SYSRULES_sideBySideItem"(
                            item: #"SYSTEM_SYSRULES_richTextDisplayField"(
                              label: "",
                              labelPosition: "COLLAPSED",
                              helptooltip: "S&amp;P",
                              value: {
                                #"SYSTEM_SYSRULES_richTextItem_v1"(
                                  text: {"-"},
                                  size: "MEDIUM",
                                  style: {}
                                )
                              },
                              align: "CENTER"
                            )
                          )
                        }
                      ),
                      #"SYSTEM_SYSRULES_sideBySideLayout"(
                        items: {
                          #"SYSTEM_SYSRULES_sideBySideItem"(
                            item: #"SYSTEM_SYSRULES_richTextDisplayField"(
                              label: "Rich Text",
                              labelPosition: "COLLAPSED",
                              value: {
                                #"SYSTEM_SYSRULES_richTextItem_v1"(
                                  text: {"Diary"},
                                  size: "SMALL",
                                  style: {
                                    "EMPHASIS",
                                    "STRONG"
                                  }
                                )
                              },
                              align: "LEFT"
                            )
                          ),
                          #"SYSTEM_SYSRULES_sideBySideItem"(
                            item: #"SYSTEM_SYSRULES_richTextDisplayField"(
                              label: "",
                              labelPosition: "COLLAPSED",
                              helptooltip: "S&amp;P",
                              value: {
                                #"SYSTEM_SYSRULES_richTextItem_v1"(
                                  text: {"-"},
                                  size: "MEDIUM",
                                  style: {}
                                )
                              },
                              align: "CENTER"
                            )
                          )
                        }
                      )
                    },
                width: "NARROW"
              )
            }
          )
        },
        height: "MEDIUM"
      ),
      #"SYSTEM_SYSRULES_richTextDisplayField"(
        label: "",
        labelPosition: "COLLAPSED",
        value: {}
      ),
      #"SYSTEM_SYSRULES_columnsLayout"(
        columns: {
          #"SYSTEM_SYSRULES_columnLayout"(
            contents: {
              #"SYSTEM_SYSRULES_cardLayout"(
                contents: {
                  #"SYSTEM_SYSRULES_sideBySideLayout"(
                    items: {
                      #"SYSTEM_SYSRULES_sideBySideItem"(
                        item: #"SYSTEM_SYSRULES_richTextDisplayField"(
                          label: "Rich Text",
                          labelPosition: "COLLAPSED",
                          value: {
                            #"SYSTEM_SYSRULES_richTextItem_v1"(
                              text: {" ACPM"},
                              color: "ACCENT",
                              size: "MEDIUM",
                              style: {
                                "STRONG"
                              }
                            )
                          },
                          align: "LEFT"
                        )
                      ),
                      #"SYSTEM_SYSRULES_sideBySideItem"(
                        item: #"SYSTEM_SYSRULES_richTextDisplayField"(
                          label: "Rich Text",
                          labelPosition: "COLLAPSED",
                          value: {
                             #"SYSTEM_SYSRULES_richTextIcon"(
                              icon: "map-marker",
                               size: "MEDIUM"
                            ),
                            #"SYSTEM_SYSRULES_richTextItem_v1"(
                              text: {" EUR  "},
                              size: "STANDARD",
                              style: {
                                "STRONG"
                              }
                            ),
                            #"SYSTEM_SYSRULES_richTextImage"(
                              image: #"SYSTEM_SYSRULES_documentImage"(
                                document: #"_a-0000e0ef-20d6-8000-9ba2-011c48011c48_903666"
                              )
                            )
                          },
                          align: "LEFT"
                        )
                      )
                    }
                  ),
                  #"SYSTEM_SYSRULES_sideBySideLayout"(
                    items: {
                      #"SYSTEM_SYSRULES_sideBySideItem"(
                        item: #"SYSTEM_SYSRULES_richTextDisplayField"(
                          label: "Rich Text",
                          labelPosition: "COLLAPSED",
                          value: {
                            #"SYSTEM_SYSRULES_richTextIcon"(icon: "warning"),
                            #"SYSTEM_SYSRULES_richTextItem_v1"(
                              text: {" Límite" },
                              color: "STANDARD",
                              size: "SMALL",
                              style: {
                                "EMPHASIS"
                              }
                            )
                          },
                          align: "LEFT"
                        ),
                        width: "MINIMIZE"
                      ),
                      #"SYSTEM_SYSRULES_sideBySideItem"(
                        item: #"SYSTEM_SYSRULES_richTextDisplayField"(
                          label: "Rich Text",
                          labelPosition: "COLLAPSED",
                          instructions: "",
                          helptooltip: "",
                          value: {
                            #"SYSTEM_SYSRULES_richTextItem_v1"(
                              text: {"50 MM"},
                              /*color: "#166c28",*/
                              size: "SMALL",
                              style: {
                                "STRONG"
                              }
                            )
                          },
                          align: "LEFT"
                        )
                      ),
                       #"SYSTEM_SYSRULES_sideBySideItem"(
                        item: #"SYSTEM_SYSRULES_richTextDisplayField"(
                          label: "Rich Text",
                          labelPosition: "COLLAPSED",
                          value: {
                            #"SYSTEM_SYSRULES_richTextIcon"(icon: "info-circle"),
                            #"SYSTEM_SYSRULES_richTextItem_v1"(
                              text: {" Estado" },
                              color: "STANDARD",
                              size: "SMALL",
                              style: {
                                "EMPHASIS"
                              }
                            )
                          },
                          align: "LEFT"
                        ),
                        width: "MINIMIZE"
                      ),
                      #"SYSTEM_SYSRULES_sideBySideItem"(
                        item: #"SYSTEM_SYSRULES_richTextDisplayField"(
                          label: "Rich Text",
                          labelPosition: "COLLAPSED",
                          instructions: "",
                          helptooltip: "",
                          value: {
                            #"SYSTEM_SYSRULES_richTextImage"(image: #"SYSTEM_SYSRULES_documentImage"(document: #"SYSTEM_SYSRULES_iconIndicator"("STATUS_WARN")))
                          },
                          align: "LEFT"
                        )
                      )
                    }
                  ),
                  #"SYSTEM_SYSRULES_sideBySideLayout"(
                    items: {
                      #"SYSTEM_SYSRULES_sideBySideItem"(
                        item: #"SYSTEM_SYSRULES_richTextDisplayField"(
                          label: "Rich Text",
                          labelPosition: "COLLAPSED",
                          value: {
                           #"SYSTEM_SYSRULES_richTextIcon"(icon: "flag-checkered"),
                            #"SYSTEM_SYSRULES_richTextItem_v1"(
                              text: {" Posición   "},
                              size: "SMALL",
                              style: {
                                "EMPHASIS"
                              }
                            ),
                            #"SYSTEM_SYSRULES_richTextItem_v1"(
                              text: {"-"},
                              size: "MEDIUM",
                              style: {
                                "STRONG"
                              }
                            )
                          },
                          align: "LEFT"
                        )
                      ),
                      #"SYSTEM_SYSRULES_sideBySideItem"(
                        item: #"SYSTEM_SYSRULES_richTextDisplayField"(
                          label: "Rich Text",
                          labelPosition: "COLLAPSED",
                          value: {
                            #"SYSTEM_SYSRULES_richTextIcon"(icon: "plug"),
                            #"SYSTEM_SYSRULES_richTextItem_v1"(
                              text: {"Consumo   "},
                              size: "SMALL",
                              style: {
                                "EMPHASIS"
                              }
                            ),
                            #"SYSTEM_SYSRULES_richTextItem_v1"(
                              text: {"-"},
                              size: "MEDIUM",
                              style: {
                                "STRONG"
                              }
                            )
                          },
                          align: "LEFT"
                        )
                      )
                    }
                  )
                },
                style: "NONE",
                height: "AUTO"
              )
            }
          ),
          #"SYSTEM_SYSRULES_columnLayout"(
            contents: {
              #"SYSTEM_SYSRULES_cardLayout"(
                contents: {
                  #"SYSTEM_SYSRULES_sideBySideLayout"(
                    items: {
                      #"SYSTEM_SYSRULES_sideBySideItem"(
                        item: #"SYSTEM_SYSRULES_richTextDisplayField"(
                          label: "Rich Text",
                          labelPosition: "COLLAPSED",
                          value: {
                            #"SYSTEM_SYSRULES_richTextItem_v1"(
                              text: {" MM"},
                              color: "ACCENT",
                              size: "MEDIUM",
                              style: {
                                "STRONG"
                              }
                            )
                          },
                          align: "LEFT"
                        )
                      ),
                      #"SYSTEM_SYSRULES_sideBySideItem"(
                        item: #"SYSTEM_SYSRULES_richTextDisplayField"(
                          label: "Rich Text",
                          labelPosition: "COLLAPSED",
                          value: {
                             #"SYSTEM_SYSRULES_richTextIcon"(
                              icon: "map-marker",
                               size: "MEDIUM"
                            ),
                            #"SYSTEM_SYSRULES_richTextItem_v1"(
                              text: {" EUR  "},
                              size: "STANDARD",
                              style: {
                                "STRONG"
                              }
                            ),
                            #"SYSTEM_SYSRULES_richTextImage"(
                              image: #"SYSTEM_SYSRULES_documentImage"(
                                document: #"_a-0000e0ef-20d6-8000-9ba2-011c48011c48_903666"
                              )
                            )
                          },
                          align: "LEFT"
                        )
                      )
                    }
                  ),
                  #"SYSTEM_SYSRULES_sideBySideLayout"(
                    items: {
                      #"SYSTEM_SYSRULES_sideBySideItem"(
                        item: #"SYSTEM_SYSRULES_richTextDisplayField"(
                          label: "Rich Text",
                          labelPosition: "COLLAPSED",
                          value: {
                            #"SYSTEM_SYSRULES_richTextIcon"(icon: "warning"),
                            #"SYSTEM_SYSRULES_richTextItem_v1"(
                              text: {" Límite" },
                              color: "STANDARD",
                              size: "SMALL",
                              style: {
                                "EMPHASIS"
                              }
                            )
                          },
                          align: "LEFT"
                        ),
                        width: "MINIMIZE"
                      ),
                      #"SYSTEM_SYSRULES_sideBySideItem"(
                        item: #"SYSTEM_SYSRULES_richTextDisplayField"(
                          label: "Rich Text",
                          labelPosition: "COLLAPSED",
                          instructions: "",
                          helptooltip: "",
                          value: {
                            #"SYSTEM_SYSRULES_richTextItem_v1"(
                              text: {"0 MM"},
                              /*color: "#166c28",*/
                              size: "SMALL",
                              style: {
                                "STRONG"
                              }
                            )
                          },
                          align: "LEFT"
                        )
                      ),
                       #"SYSTEM_SYSRULES_sideBySideItem"(
                        item: #"SYSTEM_SYSRULES_richTextDisplayField"(
                          label: "Rich Text",
                          labelPosition: "COLLAPSED",
                          value: {
                            #"SYSTEM_SYSRULES_richTextIcon"(icon: "info-circle"),
                            #"SYSTEM_SYSRULES_richTextItem_v1"(
                              text: {" Estado" },
                              color: "STANDARD",
                              size: "SMALL",
                              style: {
                                "EMPHASIS"
                              }
                            )
                          },
                          align: "LEFT"
                        ),
                        width: "MINIMIZE"
                      ),
                      #"SYSTEM_SYSRULES_sideBySideItem"(
                        item: #"SYSTEM_SYSRULES_richTextDisplayField"(
                          label: "Rich Text",
                          labelPosition: "COLLAPSED",
                          instructions: "",
                          helptooltip: "",
                          value: {
                            #"SYSTEM_SYSRULES_richTextImage"(image: #"SYSTEM_SYSRULES_documentImage"(document: #"SYSTEM_SYSRULES_iconIndicator"("STATUS_OK")))
                          },
                          align: "LEFT"
                        )
                      )
                    }
                  ),
                  #"SYSTEM_SYSRULES_sideBySideLayout"(
                    items: {
                      #"SYSTEM_SYSRULES_sideBySideItem"(
                        item: #"SYSTEM_SYSRULES_richTextDisplayField"(
                          label: "Rich Text",
                          labelPosition: "COLLAPSED",
                          value: {
                           #"SYSTEM_SYSRULES_richTextIcon"(icon: "flag-checkered"),
                            #"SYSTEM_SYSRULES_richTextItem_v1"(
                              text: {" Posición   "},
                              size: "SMALL",
                              style: {
                                "EMPHASIS"
                              }
                            ),
                            #"SYSTEM_SYSRULES_richTextItem_v1"(
                              text: {"-"},
                              size: "MEDIUM",
                              style: {
                                "STRONG"
                              }
                            )
                          },
                          align: "LEFT"
                        )
                      ),
                      #"SYSTEM_SYSRULES_sideBySideItem"(
                        item: #"SYSTEM_SYSRULES_richTextDisplayField"(
                          label: "Rich Text",
                          labelPosition: "COLLAPSED",
                          value: {
                            #"SYSTEM_SYSRULES_richTextIcon"(icon: "plug"),
                            #"SYSTEM_SYSRULES_richTextItem_v1"(
                              text: {"Consumo   "},
                              size: "SMALL",
                              style: {
                                "EMPHASIS"
                              }
                            ),
                            #"SYSTEM_SYSRULES_richTextItem_v1"(
                              text: {"-"},
                              size: "MEDIUM",
                              style: {
                                "STRONG"
                              }
                            )
                          },
                          align: "LEFT"
                        )
                      )
                    }
                  )
                },
                style: "NONE",
                height: "AUTO"
              )

            }
          ),
          #"SYSTEM_SYSRULES_columnLayout"(
            contents: {
              #"SYSTEM_SYSRULES_cardLayout"(
                contents: {
                  #"SYSTEM_SYSRULES_sideBySideLayout"(
                    items: {
                      #"SYSTEM_SYSRULES_sideBySideItem"(
                        item: #"SYSTEM_SYSRULES_richTextDisplayField"(
                          label: "Rich Text",
                          labelPosition: "COLLAPSED",
                          value: {
                            #"SYSTEM_SYSRULES_richTextItem_v1"(
                              text: {" NY"},
                              color: "ACCENT",
                              size: "MEDIUM",
                              style: {
                                "STRONG"
                              }
                            )
                          },
                          align: "LEFT"
                        )
                      ),
                      #"SYSTEM_SYSRULES_sideBySideItem"(
                        item: #"SYSTEM_SYSRULES_richTextDisplayField"(
                          label: "Rich Text",
                          labelPosition: "COLLAPSED",
                          value: {
                             #"SYSTEM_SYSRULES_richTextIcon"(
                              icon: "map-marker",
                               size: "MEDIUM"
                            ),
                            #"SYSTEM_SYSRULES_richTextItem_v1"(
                              text: {" EUR  "},
                              size: "STANDARD",
                              style: {
                                "STRONG"
                              }
                            ),
                            #"SYSTEM_SYSRULES_richTextImage"(
                              image: #"SYSTEM_SYSRULES_documentImage"(
                                document: #"_a-0000e0ef-20d6-8000-9ba2-011c48011c48_903666"
                              )
                            )
                          },
                          align: "LEFT"
                        )
                      )
                    }
                  ),
                  #"SYSTEM_SYSRULES_sideBySideLayout"(
                    items: {
                      #"SYSTEM_SYSRULES_sideBySideItem"(
                        item: #"SYSTEM_SYSRULES_richTextDisplayField"(
                          label: "Rich Text",
                          labelPosition: "COLLAPSED",
                          value: {
                            #"SYSTEM_SYSRULES_richTextIcon"(icon: "warning"),
                            #"SYSTEM_SYSRULES_richTextItem_v1"(
                              text: {" Límite" },
                              color: "STANDARD",
                              size: "SMALL",
                              style: {
                                "EMPHASIS"
                              }
                            )
                          },
                          align: "LEFT"
                        ),
                        width: "MINIMIZE"
                      ),
                      #"SYSTEM_SYSRULES_sideBySideItem"(
                        item: #"SYSTEM_SYSRULES_richTextDisplayField"(
                          label: "Rich Text",
                          labelPosition: "COLLAPSED",
                          instructions: "",
                          helptooltip: "",
                          value: {
                            #"SYSTEM_SYSRULES_richTextItem_v1"(
                              text: {"70 MM"},
                              /*color: "#166c28",*/
                              size: "SMALL",
                              style: {
                                "STRONG"
                              }
                            )
                          },
                          align: "LEFT"
                        )
                      ),
                       #"SYSTEM_SYSRULES_sideBySideItem"(
                        item: #"SYSTEM_SYSRULES_richTextDisplayField"(
                          label: "Rich Text",
                          labelPosition: "COLLAPSED",
                          value: {
                            #"SYSTEM_SYSRULES_richTextIcon"(icon: "info-circle"),
                            #"SYSTEM_SYSRULES_richTextItem_v1"(
                              text: {" Estado" },
                              color: "STANDARD",
                              size: "SMALL",
                              style: {
                                "EMPHASIS"
                              }
                            )
                          },
                          align: "LEFT"
                        ),
                        width: "MINIMIZE"
                      ),
                      #"SYSTEM_SYSRULES_sideBySideItem"(
                        item: #"SYSTEM_SYSRULES_richTextDisplayField"(
                          label: "Rich Text",
                          labelPosition: "COLLAPSED",
                          instructions: "",
                          helptooltip: "",
                          value: {
                            #"SYSTEM_SYSRULES_richTextImage"(image: #"SYSTEM_SYSRULES_documentImage"(document: #"SYSTEM_SYSRULES_iconIndicator"("STATUS_WARN")))
                          },
                          align: "LEFT"
                        )
                      )
                    }
                  ),
                  #"SYSTEM_SYSRULES_sideBySideLayout"(
                    items: {
                      #"SYSTEM_SYSRULES_sideBySideItem"(
                        item: #"SYSTEM_SYSRULES_richTextDisplayField"(
                          label: "Rich Text",
                          labelPosition: "COLLAPSED",
                          value: {
                           #"SYSTEM_SYSRULES_richTextIcon"(icon: "flag-checkered"),
                            #"SYSTEM_SYSRULES_richTextItem_v1"(
                              text: {" Posición   "},
                              size: "SMALL",
                              style: {
                                "EMPHASIS"
                              }
                            ),
                            #"SYSTEM_SYSRULES_richTextItem_v1"(
                              text: {"-"},
                              size: "MEDIUM",
                              style: {
                                "STRONG"
                              }
                            )
                          },
                          align: "LEFT"
                        )
                      ),
                      #"SYSTEM_SYSRULES_sideBySideItem"(
                        item: #"SYSTEM_SYSRULES_richTextDisplayField"(
                          label: "Rich Text",
                          labelPosition: "COLLAPSED",
                          value: {
                            #"SYSTEM_SYSRULES_richTextIcon"(icon: "plug"),
                            #"SYSTEM_SYSRULES_richTextItem_v1"(
                              text: {"Consumo   "},
                              size: "SMALL",
                              style: {
                                "EMPHASIS"
                              }
                            ),
                            #"SYSTEM_SYSRULES_richTextItem_v1"(
                              text: {"-"},
                              size: "MEDIUM",
                              style: {
                                "STRONG"
                              }
                            )
                          },
                          align: "LEFT"
                        )
                      )
                    }
                  )
                },
                style: "NONE",
                height: "AUTO"
              )
            }
          )
        }
      ),
      #"SYSTEM_SYSRULES_richTextDisplayField"(
        label: "Rich Text",
        labelPosition: "COLLAPSED",
        value: {}
      )
    }</definition>
        <metadataExpr></metadataExpr>
        <preferredEditor>interface</preferredEditor>
        <offlineEnabled>false</offlineEnabled>
    </rule>
    <roleMap public="true">
        <role inherit="true" allowForAll="false" name="readers">
            <users/>
            <groups/>
        </role>
        <role inherit="true" allowForAll="false" name="authors">
            <users/>
            <groups/>
        </role>
        <role inherit="true" allowForAll="false" name="administrators">
            <users>
                <userUuid>alejandro.rueda@appian.com</userUuid>
            </users>
            <groups/>
        </role>
        <role inherit="false" allowForAll="false" name="denyReaders">
            <users/>
            <groups/>
        </role>
        <role inherit="false" allowForAll="false" name="denyAuthors">
            <users/>
            <groups/>
        </role>
        <role inherit="false" allowForAll="false" name="denyAdministrators">
            <users/>
            <groups/>
        </role>
    </roleMap>
    <history>
        <historyInfo versionUuid="_a-0000e0ef-20d6-8000-9ba2-011c48011c48_904208"/>
    </history>
</contentHaul>
