<?xml version="1.0" encoding="UTF-8" standalone="yes"?>
<contentHaul xmlns:a="http://www.appian.com/ae/types/2009">
    <versionUuid>_a-0000e0ef-20d6-8000-9ba2-011c48011c48_903916</versionUuid>
    <rule>
        <name>Riesgos</name>
        <uuid>_a-0000e0ef-20d6-8000-9ba2-011c48011c48_903683</uuid>
        <description></description>
        <parentUuid>_a-0000e075-f2c0-8000-9ba2-011c48011c48_584947</parentUuid>
        <visibility>
            <advertise>false</advertise>
            <hierarchy>true</hierarchy>
            <indexable>true</indexable>
            <quota>false</quota>
            <searchable>true</searchable>
            <system>false</system>
            <unlogged>false</unlogged>
        </visibility>
        <definition>{
  #"SYSTEM_SYSRULES_billboardLayout"(
    backgroundColor: "#666666",
    overlaypositionbar: "MIDDLE",
    overlaypositioncolumn: "START",
    overlayStyle: "DARK",
    overlayContents: {
      #"SYSTEM_SYSRULES_richTextDisplayField"(
        label: "Rich Text",
        labelPosition: "COLLAPSED",
        value: {
          #"SYSTEM_SYSRULES_richTextItem_v1"(
            text: {"3M CO (MMM US)"},
            color: "ACCENT",
            size: "LARGE",
            style: {
              "STRONG"
            }
          )
        }
      ),
      #"SYSTEM_SYSRULES_richTextDisplayField"(),
      #"SYSTEM_SYSRULES_columnsLayout"(
        columns: {
          #"SYSTEM_SYSRULES_columnLayout"(
            contents: {
              #"SYSTEM_SYSRULES_richTextDisplayField"(
                label: "Rich Text",
                labelPosition: "COLLAPSED",
                value: {
                  #"SYSTEM_SYSRULES_richTextItem_v1"(
                    text: {"GLCS   "},
                    size: "SMALL",
                    style: {
                      "EMPHASIS"
                    }
                  ),
                  #"SYSTEM_SYSRULES_richTextItem_v1"(
                    text: {"53 MC"},
                    size: "MEDIUM",
                    style: {
                      "STRONG"
                    }
                  )
                },
                align: "RIGHT"
              )
            }
          ),
          #"SYSTEM_SYSRULES_columnLayout"(
            contents: {
              #"SYSTEM_SYSRULES_richTextDisplayField"(
                label: "Rich Text",
                labelPosition: "COLLAPSED",
                value: {
                   #"SYSTEM_SYSRULES_richTextIcon"(
                    icon: "map-marker"
                  ),
                  /*a!richTextItem(*/
                    /*text: {" País   "},*/
                    /*size: "SMALL",*/
                    /*style: {*/
                      /*"EMPHASIS"*/
                    /*}*/
                  /*),*/
                  #"SYSTEM_SYSRULES_richTextItem_v1"(
                    text: {" US  "},
                    size: "MEDIUM",
                    style: {
                      "STRONG"
                    }
                  ),
                  #"SYSTEM_SYSRULES_richTextImage"(
                    image: #"SYSTEM_SYSRULES_documentImage"(
                      document: 66484
                    )
                  )
                },
                align: "RIGHT"
              )
            }
          ),
          #"SYSTEM_SYSRULES_columnLayout"(
            contents: {
              #"SYSTEM_SYSRULES_richTextDisplayField"(
                label: "Rich Text",
                labelPosition: "COLLAPSED",
                value: {
                  #"SYSTEM_SYSRULES_richTextIcon"(
                    icon: "sitemap"
                  ),
                  #"SYSTEM_SYSRULES_richTextItem_v1"(
                    text: {" Segmento   "},
                    size: "SMALL",
                    style: {
                      "EMPHASIS"
                    }
                  ),
                  #"SYSTEM_SYSRULES_richTextItem_v1"(
                    text: {" SEG"},
                    size: "MEDIUM",
                    style: {
                      "STRONG"
                    }
                  )
                },
                align: "RIGHT"
              )
            }
          ),
          #"SYSTEM_SYSRULES_columnLayout"(
            contents: {
              #"SYSTEM_SYSRULES_richTextDisplayField"(
                label: "Rich Text",
                labelPosition: "COLLAPSED",
                value: {
                  #"SYSTEM_SYSRULES_richTextIcon"(
                    icon: "industry"
                  ),
                  #"SYSTEM_SYSRULES_richTextItem_v1"(
                    text: {" Sector   "},
                    size: "SMALL",
                    style: {
                      "EMPHASIS"
                    }
                  ),
                  #"SYSTEM_SYSRULES_richTextItem_v1"(
                    text: {"Industrial"},
                    size: "MEDIUM",
                    style: {
                      "STRONG"
                    }
                  )
                },
                align: "RIGHT"
              )
            }
          ),
          #"SYSTEM_SYSRULES_columnLayout"(
            contents: {
              #"SYSTEM_SYSRULES_richTextDisplayField"(
                label: "Rich Text",
                labelPosition: "COLLAPSED",
                value: {
                  #"SYSTEM_SYSRULES_richTextItem_v1"(
                    text: {"CD Group   "},
                    size: "SMALL",
                    style: {
                      "EMPHASIS"
                    }
                  ),
                  #"SYSTEM_SYSRULES_richTextItem_v1"(
                    text: {"1233"},
                    size: "MEDIUM",
                    style: {
                      "STRONG"
                    }
                  )
                },
                align: "RIGHT"
              )
            }
          )
        }
      )
    },
    height: "SHORT"
  ),
  #"SYSTEM_SYSRULES_richTextDisplayField"(
    label: "Rich Text",
    labelPosition: "COLLAPSED",
    value: {}
  ),
  #"SYSTEM_SYSRULES_boxLayout"(
    label: "∑ Situación general",
    contents: {
      #"SYSTEM_SYSRULES_columnsLayout"(
        columns: {
          #"SYSTEM_SYSRULES_columnLayout"(
            contents: {}
          ),
          #"SYSTEM_SYSRULES_columnLayout"(
            contents: {
              #"SYSTEM_SYSRULES_richTextDisplayField"(
                label: "Rich Text",
                labelPosition: "COLLAPSED",
                value: {
                  #"SYSTEM_SYSRULES_richTextItem_v1"(
                    text: {"🔑 Límite", " 120MM"},
                    color: "ACCENT",
                    size: "MEDIUM",
                    style: {
                      "STRONG"
                    }
                  )
                },
                align: "CENTER"
              )
            }
          ),
          #"SYSTEM_SYSRULES_columnLayout"(
            contents: {
              #"SYSTEM_SYSRULES_richTextDisplayField"(
                label: "Rich Text",
                labelPosition: "COLLAPSED",
                value: {
                  #"SYSTEM_SYSRULES_richTextItem_v1"(
                    text: {"📈 Posición"},
                    color: "ACCENT",
                    size: "MEDIUM",
                    style: {
                      "STRONG"
                    }
                  )
                },
                align: "CENTER"
              )
            }
          ),
          #"SYSTEM_SYSRULES_columnLayout"(
            contents: {
              #"SYSTEM_SYSRULES_richTextDisplayField"(
                label: "Rich Text",
                labelPosition: "COLLAPSED",
                value: {
                  #"SYSTEM_SYSRULES_richTextItem_v1"(
                    text: {"🔌 Consumo"},
                    color: "ACCENT",
                    size: "MEDIUM",
                    style: {
                      "STRONG"
                    }
                  )
                },
                align: "CENTER"
              )
            }
          ),
          #"SYSTEM_SYSRULES_columnLayout"(
            contents: {
              #"SYSTEM_SYSRULES_richTextDisplayField"(
                label: "Rich Text",
                labelPosition: "COLLAPSED",
                value: {
                  #"SYSTEM_SYSRULES_richTextItem_v1"(
                    text: {"📊 Ratings"},
                    color: "ACCENT",
                    size: "MEDIUM",
                    style: {
                      "STRONG"
                    }
                  )
                },
                align: "CENTER"
              ),
              #"SYSTEM_SYSRULES_columnsLayout"(
                columns: {
                  #"SYSTEM_SYSRULES_columnLayout"(
                    contents: {}
                  ),
                  #"SYSTEM_SYSRULES_columnLayout"(
                    contents: {
                      #"SYSTEM_SYSRULES_richTextDisplayField"(
                        label: "Rich Text",
                        labelPosition: "COLLAPSED",
                        value: {
                          #"SYSTEM_SYSRULES_richTextItem_v1"(
                            text: {"Int."},
                            color: "ACCENT",
                            size: "SMALL",
                            style: {
                              "EMPHASIS"
                            }
                          )
                        },
                        align: "CENTER"
                      )
                    }
                  ),
                  #"SYSTEM_SYSRULES_columnLayout"(
                    contents: {
                      #"SYSTEM_SYSRULES_richTextDisplayField"(
                        label: "Rich Text",
                        labelPosition: "COLLAPSED",
                        value: {
                          #"SYSTEM_SYSRULES_richTextItem_v1"(
                            text: {"Local"},
                            color: "ACCENT",
                            size: "SMALL",
                            style: {
                              "EMPHASIS"
                            }
                          )
                        },
                        align: "CENTER"
                      )
                    }
                  )
                }
              )
            }
          ),
          #"SYSTEM_SYSRULES_columnLayout"(
            contents: {
              #"SYSTEM_SYSRULES_richTextDisplayField"(
                label: "Rich Text",
                labelPosition: "COLLAPSED",
                value: {
                  #"SYSTEM_SYSRULES_richTextItem_v1"(
                    text: {"💰 Liquidez"},
                    color: "ACCENT",
                    size: "MEDIUM",
                    style: {
                      "STRONG"
                    }
                  )
                },
                align: "CENTER"
              )
            }
          )
        }
      ),
      #"SYSTEM_SYSRULES_columnsLayout"(
        columns: {
          #"SYSTEM_SYSRULES_columnLayout"(
            contents: {
              #"SYSTEM_SYSRULES_columnsLayout"(
                columns: {
                  #"SYSTEM_SYSRULES_columnLayout"(
                    contents: {
                      #"SYSTEM_SYSRULES_richTextDisplayField"(
                        label: "Rich Text",
                        labelPosition: "COLLAPSED",
                        value: {
                          #"SYSTEM_SYSRULES_richTextImage"(
                            image: #"SYSTEM_SYSRULES_documentImage"(
                              document: #"_a-0000e0ef-20d6-8000-9ba2-011c48011c48_903666"
                            )
                          ),
                          #"SYSTEM_SYSRULES_richTextItem_v1"(
                            text: {" ACPM"},
                            color: "ACCENT",
                            size: "SMALL",
                            style: {
                              "STRONG"
                            }
                          )
                        },
                        align: "LEFT"
                      )
                    }
                  )
                },
                alignVertical: "BOTTOM"
              )
            }
          ),
          #"SYSTEM_SYSRULES_columnLayout"(
            contents: {
              #"SYSTEM_SYSRULES_columnsLayout"(
                columns: {
                  #"SYSTEM_SYSRULES_columnLayout"(
                    contents: {
                      #"SYSTEM_SYSRULES_richTextDisplayField"(
                        label: "Rich Text",
                        labelPosition: "COLLAPSED",
                        value: {
                          #"SYSTEM_SYSRULES_richTextItem_v1"(
                            text: {"50 MM"},
                            size: "STANDARD",
                            style: {
                              "STRONG"
                            }
                          )
                        },
                        align: "CENTER"
                      )
                    }
                  )
                },
                alignVertical: "BOTTOM"
              )
            }
          ),
          #"SYSTEM_SYSRULES_columnLayout"(
            contents: {
              #"SYSTEM_SYSRULES_columnsLayout"(
                columns: {
                  #"SYSTEM_SYSRULES_columnLayout"(
                    contents: {
                      #"SYSTEM_SYSRULES_richTextDisplayField"(
                        label: "Rich Text",
                        labelPosition: "COLLAPSED",
                        value: {
                          #"SYSTEM_SYSRULES_richTextItem_v1"(
                            text: {"-"},
                            size: "MEDIUM",
                            style: {
                              "STRONG"
                            }
                          )
                        },
                        align: "CENTER"
                      )
                    }
                  )
                },
                alignVertical: "BOTTOM"
              )
            }
          ),
          #"SYSTEM_SYSRULES_columnLayout"(
            contents: {
              #"SYSTEM_SYSRULES_columnsLayout"(
                columns: {
                  #"SYSTEM_SYSRULES_columnLayout"(
                    contents: {
                      #"SYSTEM_SYSRULES_richTextDisplayField"(
                        label: "Rich Text",
                        labelPosition: "COLLAPSED",
                        value: {
                          #"SYSTEM_SYSRULES_richTextItem_v1"(
                            text: {"- %"},
                            size: "MEDIUM",
                            style: {
                              "STRONG"
                            }
                          )
                        },
                        align: "CENTER"
                      )
                    }
                  )
                },
                alignVertical: "BOTTOM"
              )
            }
          ),
          #"SYSTEM_SYSRULES_columnLayout"(
            contents: {
              #"SYSTEM_SYSRULES_columnsLayout"(
                columns: {
                  #"SYSTEM_SYSRULES_columnLayout"(
                    contents: {
                      #"SYSTEM_SYSRULES_richTextDisplayField"(
                        label: "Rich Text",
                        labelPosition: "COLLAPSED",
                        value: {
                          #"SYSTEM_SYSRULES_richTextItem_v1"(
                            text: {"S&amp;P"},
                            size: "SMALL",
                            style: {
                              "EMPHASIS",
                              "STRONG"
                            }
                          )
                        },
                        align: "LEFT"
                      )
                    }
                  ),
                  #"SYSTEM_SYSRULES_columnLayout"(
                    contents: {
                      #"SYSTEM_SYSRULES_richTextDisplayField"(
                        label: "",
                        labelPosition: "COLLAPSED",
                        helptooltip: "S&amp;P",
                        value: {
                          #"SYSTEM_SYSRULES_richTextItem_v1"(
                            text: {"-"},
                            size: "MEDIUM",
                            style: {}
                          )
                        },
                        align: "CENTER"
                      )
                    }
                  ),
                  #"SYSTEM_SYSRULES_columnLayout"(
                    contents: {
                      #"SYSTEM_SYSRULES_richTextDisplayField"(
                        label: "Rich Text",
                        labelPosition: "COLLAPSED",
                        instructions: "",
                        helptooltip: "",
                        value: {
                          #"SYSTEM_SYSRULES_richTextItem_v1"(
                            text: {"AA-"},
                            size: "MEDIUM",
                            style: {
                            }
                          )
                        },
                        align: "CENTER"
                      )
                    }
                  )
                }
              )
            }
          ),
          #"SYSTEM_SYSRULES_columnLayout"(
            contents: {
              #"SYSTEM_SYSRULES_columnsLayout"(
                columns: {
                  #"SYSTEM_SYSRULES_columnLayout"(
                    contents: {
                      #"SYSTEM_SYSRULES_richTextDisplayField"(
                        label: "Rich Text",
                        labelPosition: "COLLAPSED",
                        value: {
                          #"SYSTEM_SYSRULES_richTextItem_v1"(
                            text: {"Bond"},
                            size: "SMALL",
                            style: {
                              "EMPHASIS",
                              "STRONG"
                            }
                          )
                        },
                        align: "LEFT"
                      )
                    }
                  ),
                  #"SYSTEM_SYSRULES_columnLayout"(
                    contents: {
                      #"SYSTEM_SYSRULES_richTextDisplayField"(
                        label: "",
                        labelPosition: "COLLAPSED",
                        helptooltip: "S&amp;P",
                        value: {
                          #"SYSTEM_SYSRULES_richTextItem_v1"(
                            text: {"-"},
                            size: "MEDIUM",
                            style: {}
                          )
                        },
                        align: "CENTER"
                      )
                    }
                  )
                }
              )
            }
          )
        }
      ),
      #"SYSTEM_SYSRULES_columnsLayout"(
        columns: {
          #"SYSTEM_SYSRULES_columnLayout"(
            contents: {
              #"SYSTEM_SYSRULES_columnsLayout"(
                columns: {
                  #"SYSTEM_SYSRULES_columnLayout"(
                    contents: {
                      #"SYSTEM_SYSRULES_richTextDisplayField"(
                        label: "Rich Text",
                        labelPosition: "COLLAPSED",
                        value: {
                          #"SYSTEM_SYSRULES_richTextImage"(
                            image: #"SYSTEM_SYSRULES_documentImage"(
                              document: #"_a-0000e0ef-20d6-8000-9ba2-011c48011c48_903666"
                            )
                          ),
                          #"SYSTEM_SYSRULES_richTextItem_v1"(
                            text: {" MM"},
                            color: "ACCENT",
                            size: "SMALL",
                            style: {
                              "STRONG"
                            }
                          )
                        },
                        align: "LEFT"
                      )
                    }
                  )
                },
                alignVertical: "BOTTOM"
              )
            }
          ),
          #"SYSTEM_SYSRULES_columnLayout"(
            contents: {
              #"SYSTEM_SYSRULES_columnsLayout"(
                columns: {
                  #"SYSTEM_SYSRULES_columnLayout"(
                    contents: {
                      #"SYSTEM_SYSRULES_richTextDisplayField"(
                        label: "Rich Text",
                        labelPosition: "COLLAPSED",
                        value: {
                          #"SYSTEM_SYSRULES_richTextItem_v1"(
                            text: {"0 MM"},
                            size: "STANDARD",
                            style: {
                              "STRONG"
                            }
                          )
                        },
                        align: "CENTER"
                      )
                    }
                  )
                },
                alignVertical: "BOTTOM"
              )
            }
          ),
          #"SYSTEM_SYSRULES_columnLayout"(
            contents: {
              #"SYSTEM_SYSRULES_columnsLayout"(
                columns: {
                  #"SYSTEM_SYSRULES_columnLayout"(
                    contents: {
                      #"SYSTEM_SYSRULES_richTextDisplayField"(
                        label: "Rich Text",
                        labelPosition: "COLLAPSED",
                        value: {
                          #"SYSTEM_SYSRULES_richTextItem_v1"(
                            text: {"-"},
                            size: "MEDIUM",
                            style: {
                              "STRONG"
                            }
                          )
                        },
                        align: "CENTER"
                      )
                    }
                  )
                },
                alignVertical: "BOTTOM"
              )
            }
          ),
          #"SYSTEM_SYSRULES_columnLayout"(
            contents: {
              #"SYSTEM_SYSRULES_columnsLayout"(
                columns: {
                  #"SYSTEM_SYSRULES_columnLayout"(
                    contents: {
                      #"SYSTEM_SYSRULES_richTextDisplayField"(
                        label: "Rich Text",
                        labelPosition: "COLLAPSED",
                        value: {
                          #"SYSTEM_SYSRULES_richTextItem_v1"(
                            text: {"- %"},
                            size: "MEDIUM",
                            style: {
                              "STRONG"
                            }
                          )
                        },
                        align: "CENTER"
                      )
                    }
                  )
                },
                alignVertical: "BOTTOM"
              )
            }
          ),
          #"SYSTEM_SYSRULES_columnLayout"(
            contents: {
              #"SYSTEM_SYSRULES_columnsLayout"(
                columns: {
                  #"SYSTEM_SYSRULES_columnLayout"(
                    contents: {
                      #"SYSTEM_SYSRULES_richTextDisplayField"(
                        label: "Rich Text",
                        labelPosition: "COLLAPSED",
                        value: {
                          #"SYSTEM_SYSRULES_richTextItem_v1"(
                            text: {"Moody's"},
                            size: "SMALL",
                            style: {
                              "EMPHASIS",
                              "STRONG"
                            }
                          )
                        },
                        align: "LEFT"
                      )
                    }
                  ),
                  #"SYSTEM_SYSRULES_columnLayout"(
                    contents: {
                      #"SYSTEM_SYSRULES_richTextDisplayField"(
                        label: "",
                        labelPosition: "COLLAPSED",
                        helptooltip: "S&amp;P",
                        value: {
                          #"SYSTEM_SYSRULES_richTextItem_v1"(
                            text: {"-"},
                            size: "MEDIUM",
                            style: {}
                          )
                        },
                        align: "CENTER"
                      )
                    }
                  ),
                  #"SYSTEM_SYSRULES_columnLayout"(
                    contents: {
                      #"SYSTEM_SYSRULES_richTextDisplayField"(
                        label: "Rich Text",
                        labelPosition: "COLLAPSED",
                        value: {
                          #"SYSTEM_SYSRULES_richTextItem_v1"(
                            text: {"NA"},
                            size: "MEDIUM",
                            style: {
                            }
                          )
                        },
                        align: "CENTER"
                      )
                    }
                  )
                }
              )
            }
          ),
          #"SYSTEM_SYSRULES_columnLayout"(
            contents: {
              #"SYSTEM_SYSRULES_columnsLayout"(
                columns: {
                  #"SYSTEM_SYSRULES_columnLayout"(
                    contents: {
                      #"SYSTEM_SYSRULES_richTextDisplayField"(
                        label: "Rich Text",
                        labelPosition: "COLLAPSED",
                        value: {
                          #"SYSTEM_SYSRULES_richTextItem_v1"(
                            text: {"CDS"},
                            size: "SMALL",
                            style: {
                              "EMPHASIS",
                              "STRONG"
                            }
                          )
                        },
                        align: "LEFT"
                      )
                    }
                  ),
                  #"SYSTEM_SYSRULES_columnLayout"(
                    contents: {
                      #"SYSTEM_SYSRULES_richTextDisplayField"(
                        label: "",
                        labelPosition: "COLLAPSED",
                        helptooltip: "S&amp;P",
                        value: {
                          #"SYSTEM_SYSRULES_richTextItem_v1"(
                            text: {"-"},
                            size: "MEDIUM",
                            style: {}
                          )
                        },
                        align: "CENTER"
                      )
                    }
                  )
                }
              )
            }
          )
        }
      ),
      #"SYSTEM_SYSRULES_columnsLayout"(
        columns: {
          #"SYSTEM_SYSRULES_columnLayout"(
            contents: {
              #"SYSTEM_SYSRULES_columnsLayout"(
                columns: {
                  #"SYSTEM_SYSRULES_columnLayout"(
                    contents: {
                      #"SYSTEM_SYSRULES_richTextDisplayField"(
                        label: "Rich Text",
                        labelPosition: "COLLAPSED",
                        value: {
                          #"SYSTEM_SYSRULES_richTextImage"(
                            image: #"SYSTEM_SYSRULES_documentImage"(
                              document: #"_a-0000e0ef-20d6-8000-9ba2-011c48011c48_903666"
                            )
                          ),
                          #"SYSTEM_SYSRULES_richTextItem_v1"(
                            text: {" NY"},
                            color: "ACCENT",
                            size: "SMALL",
                            style: {
                              "STRONG"
                            }
                          )
                        },
                        align: "LEFT"
                      )
                    }
                  )
                },
                alignVertical: "BOTTOM"
              )
            }
          ),
          #"SYSTEM_SYSRULES_columnLayout"(
            contents: {
              #"SYSTEM_SYSRULES_columnsLayout"(
                columns: {
                  #"SYSTEM_SYSRULES_columnLayout"(
                    contents: {
                      #"SYSTEM_SYSRULES_richTextDisplayField"(
                        label: "Rich Text",
                        labelPosition: "COLLAPSED",
                        value: {
                          #"SYSTEM_SYSRULES_richTextItem_v1"(
                            text: {"70 MM"},
                            size: "STANDARD",
                            style: {
                              "STRONG"
                            }
                          )
                        },
                        align: "CENTER"
                      )
                    }
                  )
                },
                alignVertical: "BOTTOM"
              )
            }
          ),
          #"SYSTEM_SYSRULES_columnLayout"(
            contents: {
              #"SYSTEM_SYSRULES_columnsLayout"(
                columns: {
                  #"SYSTEM_SYSRULES_columnLayout"(
                    contents: {
                      #"SYSTEM_SYSRULES_richTextDisplayField"(
                        label: "Rich Text",
                        labelPosition: "COLLAPSED",
                        value: {
                          #"SYSTEM_SYSRULES_richTextItem_v1"(
                            text: {"-"},
                            size: "MEDIUM",
                            style: {
                              "STRONG"
                            }
                          )
                        },
                        align: "CENTER"
                      )
                    }
                  )
                },
                alignVertical: "BOTTOM"
              )
            }
          ),
          #"SYSTEM_SYSRULES_columnLayout"(
            contents: {
              #"SYSTEM_SYSRULES_columnsLayout"(
                columns: {
                  #"SYSTEM_SYSRULES_columnLayout"(
                    contents: {
                      #"SYSTEM_SYSRULES_richTextDisplayField"(
                        label: "Rich Text",
                        labelPosition: "COLLAPSED",
                        value: {
                          #"SYSTEM_SYSRULES_richTextItem_v1"(
                            text: {"- %"},
                            size: "MEDIUM",
                            style: {
                              "STRONG"
                            }
                          )
                        },
                        align: "CENTER"
                      )
                    }
                  )
                },
                alignVertical: "BOTTOM"
              )
            }
          ),
          #"SYSTEM_SYSRULES_columnLayout"(
            contents: {
              #"SYSTEM_SYSRULES_columnsLayout"(
                columns: {
                  #"SYSTEM_SYSRULES_columnLayout"(
                    contents: {
                      #"SYSTEM_SYSRULES_richTextDisplayField"(
                        label: "Rich Text",
                        labelPosition: "COLLAPSED",
                        value: {
                          #"SYSTEM_SYSRULES_richTextItem_v1"(
                            text: {"Fitch"},
                            size: "SMALL",
                            style: {
                              "EMPHASIS",
                              "STRONG"
                            }
                          )
                        },
                        align: "LEFT"
                      )
                    }
                  ),
                  #"SYSTEM_SYSRULES_columnLayout"(
                    contents: {
                      #"SYSTEM_SYSRULES_richTextDisplayField"(
                        label: "",
                        labelPosition: "COLLAPSED",
                        helptooltip: "S&amp;P",
                        value: {
                          #"SYSTEM_SYSRULES_richTextItem_v1"(
                            text: {"-"},
                            size: "MEDIUM",
                            style: {}
                          )
                        },
                        align: "CENTER"
                      )
                    }
                  ),
                  #"SYSTEM_SYSRULES_columnLayout"(
                    contents: {
                      #"SYSTEM_SYSRULES_richTextDisplayField"(
                        label: "Rich Text",
                        labelPosition: "COLLAPSED",
                        value: {
                          #"SYSTEM_SYSRULES_richTextItem_v1"(
                            text: {"NA"},
                            size: "MEDIUM",
                            style: {
                            }
                          )
                        },
                        align: "CENTER"
                      )
                    }
                  )
                }
              ),
              #"SYSTEM_SYSRULES_columnsLayout"(
                columns: {
                  #"SYSTEM_SYSRULES_columnLayout"(
                    contents: {}
                  ),
                  #"SYSTEM_SYSRULES_columnLayout"(
                    contents: {
                      #"SYSTEM_SYSRULES_richTextDisplayField"(
                        label: "Rich Text",
                        labelPosition: "COLLAPSED",
                        value: {
                          #"SYSTEM_SYSRULES_richTextItem_v1"(
                            text: {"REXCO"},
                            size: "SMALL",
                            style: {
                              "EMPHASIS",
                              "STRONG"
                            }
                          ),
                          #"SYSTEM_SYSRULES_richTextItem_v1"(
                            text: {" A1"},
                            size: "SMALL",
                            style: {
                              "EMPHASIS"
                            }
                          )
                        },
                        align: "LEFT"
                      )
                    }
                  ),
                  #"SYSTEM_SYSRULES_columnLayout"(
                    contents: {
                      #"SYSTEM_SYSRULES_richTextDisplayField"(
                        label: "Rich Text",
                        labelPosition: "COLLAPSED",
                        helptooltip: "Rating SAN",
                        value: {
                           #"SYSTEM_SYSRULES_richTextImage"(
                            image:#"SYSTEM_SYSRULES_documentImage"(document:  66498)
                          ),
                          #"SYSTEM_SYSRULES_richTextItem_v1"(
                            text: {"-"},
                            size: "SMALL",
                            style: {
                              "EMPHASIS"
                            }
                          )
                           
                        },
                        align: "LEFT"
                      )
                    }
                  )
                }
              )
            }
          ),
          #"SYSTEM_SYSRULES_columnLayout"(
            contents: {
              #"SYSTEM_SYSRULES_columnsLayout"(
                columns: {
                  #"SYSTEM_SYSRULES_columnLayout"(
                    contents: {
                      #"SYSTEM_SYSRULES_richTextDisplayField"(
                        label: "Rich Text",
                        labelPosition: "COLLAPSED",
                        value: {
                          #"SYSTEM_SYSRULES_richTextItem_v1"(
                            text: {"Outstanding"},
                            size: "SMALL",
                            style: {
                              "EMPHASIS",
                              "STRONG"
                            }
                          )
                        },
                        align: "LEFT"
                      )
                    }
                  ),
                  #"SYSTEM_SYSRULES_columnLayout"(
                    contents: {
                      #"SYSTEM_SYSRULES_richTextDisplayField"(
                        label: "",
                        labelPosition: "COLLAPSED",
                        helptooltip: "S&amp;P",
                        value: {
                          #"SYSTEM_SYSRULES_richTextItem_v1"(
                            text: {"-"},
                            size: "MEDIUM",
                            style: {}
                          )
                        },
                        align: "CENTER"
                      )
                    }
                  )
                }
              ),
              #"SYSTEM_SYSRULES_columnsLayout"(
                columns: {
                  #"SYSTEM_SYSRULES_columnLayout"(
                    contents: {
                      #"SYSTEM_SYSRULES_richTextDisplayField"(
                        label: "Rich Text",
                        labelPosition: "COLLAPSED",
                        value: {
                          #"SYSTEM_SYSRULES_richTextItem_v1"(
                            text: {"Diary"},
                            size: "SMALL",
                            style: {
                              "EMPHASIS",
                              "STRONG"
                            }
                          )
                        },
                        align: "LEFT"
                      )
                    }
                  ),
                  #"SYSTEM_SYSRULES_columnLayout"(
                    contents: {
                      #"SYSTEM_SYSRULES_richTextDisplayField"(
                        label: "",
                        labelPosition: "COLLAPSED",
                        helptooltip: "S&amp;P",
                        value: {
                          #"SYSTEM_SYSRULES_richTextItem_v1"(
                            text: {"-"},
                            size: "MEDIUM",
                            style: {}
                          )
                        },
                        align: "CENTER"
                      )
                    }
                  )
                }
              )
            }
          )
        }
      )
    },
    style: "STANDARD"
  ),
  #"SYSTEM_SYSRULES_richTextDisplayField"(
    label: "Rich Text",
    labelPosition: "COLLAPSED",
    value: {}
  ),
  #"SYSTEM_SYSRULES_boxLayout"(
    label: "🔎 Detalle",
    contents: {
      #"SYSTEM_SYSRULES_columnsLayout"(
        columns: {
          #"SYSTEM_SYSRULES_columnLayout"(
            contents: {
              #"SYSTEM_SYSRULES_columnsLayout"(
                columns: {
                  #"SYSTEM_SYSRULES_columnLayout"(
                    contents: {
                      #"SYSTEM_SYSRULES_richTextDisplayField"(
                        label: "Rich Text",
                        labelPosition: "COLLAPSED",
                        value: {
                          #"SYSTEM_SYSRULES_richTextItem_v1"(
                            text: {"📑 Propuestas"},
                            color: "ACCENT",
                            size: "MEDIUM",
                            style: {
                              "STRONG"
                            }
                          )
                        },
                        align: "CENTER"
                      )
                    }
                  )
                }
              )
            }
          ),
          #"SYSTEM_SYSRULES_columnLayout"(
            contents: {
              #"SYSTEM_SYSRULES_columnsLayout"(
                columns: {
                  #"SYSTEM_SYSRULES_columnLayout"(
                    contents: {
                      #"SYSTEM_SYSRULES_richTextDisplayField"(
                        label: "Rich Text",
                        labelPosition: "COLLAPSED",
                        value: {
                          #"SYSTEM_SYSRULES_richTextItem_v1"(
                            text: {"📊 Ratings"},
                            color: "ACCENT",
                            size: "MEDIUM",
                            style: {
                              "STRONG"
                            }
                          )
                        },
                        align: "CENTER"
                      ),
                      #"SYSTEM_SYSRULES_columnsLayout"(
                        columns: {
                          #"SYSTEM_SYSRULES_columnLayout"(
                            contents: {}
                          ),
                          #"SYSTEM_SYSRULES_columnLayout"(
                            contents: {
                              #"SYSTEM_SYSRULES_richTextDisplayField"(
                                label: "Rich Text",
                                labelPosition: "COLLAPSED",
                                value: {
                                  #"SYSTEM_SYSRULES_richTextItem_v1"(
                                    text: {"Int."},
                                    color: "ACCENT",
                                    size: "SMALL",
                                    style: {
                                      "EMPHASIS"
                                    }
                                  )
                                },
                                align: "CENTER"
                              )
                            }
                          ),
                          #"SYSTEM_SYSRULES_columnLayout"(
                            contents: {
                              #"SYSTEM_SYSRULES_richTextDisplayField"(
                                label: "Rich Text",
                                labelPosition: "COLLAPSED",
                                value: {
                                  #"SYSTEM_SYSRULES_richTextItem_v1"(
                                    text: {"Local"},
                                    color: "ACCENT",
                                    size: "SMALL",
                                    style: {
                                      "EMPHASIS"
                                    }
                                  )
                                },
                                align: "CENTER"
                              )
                            }
                          )
                        }
                      )
                    }
                  ),
                  #"SYSTEM_SYSRULES_columnLayout"(
                    contents: {
                      #"SYSTEM_SYSRULES_richTextDisplayField"(
                        label: "Rich Text",
                        labelPosition: "COLLAPSED",
                        value: {
                          #"SYSTEM_SYSRULES_richTextItem_v1"(
                            text: {"💰 Liquidez"},
                            color: "ACCENT",
                            size: "MEDIUM",
                            style: {
                              "STRONG"
                            }
                          )
                        },
                        align: "CENTER"
                      )
                    }
                  )
                }
              )
            }
          )
        }
      ),
      #"SYSTEM_SYSRULES_milestoneField"(
        label: "Milestone",
        labelPosition: "COLLAPSED",
        steps: {"", ""},
        links: {},
        active: -1
      ),
      #"SYSTEM_SYSRULES_columnsLayout"(
        columns: {
          #"SYSTEM_SYSRULES_columnLayout"(
            contents: {
              #"SYSTEM_SYSRULES_columnsLayout"(
                columns: {
                  #"SYSTEM_SYSRULES_columnLayout"(
                    contents: {
                      #"SYSTEM_SYSRULES_dropdownField"(
                        label: "Propuesta",
                        labelPosition: "COLLAPSED",
                        placeholderLabel: "Seleccione la propuesta",
                        choiceLabels: {"Option 1", "Option 2"},
                        choiceValues: {1, 2},
                        saveInto: {},
                        validations: {}
                      ),
                      #"SYSTEM_SYSRULES_richTextDisplayField"(
                        label: "Rich Text",
                        labelPosition: "COLLAPSED",
                        value: {
                          #"SYSTEM_SYSRULES_richTextItem_v1"(
                            text: {"ACPM"},
                            size: "MEDIUM",
                            style: {
                              "STRONG"
                            }
                          )
                        },
                        align: "CENTER"
                      ),
                      #"SYSTEM_SYSRULES_imageField_v1"(
                        label: "Image",
                        labelPosition: "COLLAPSED",
                        images: {
                          #"SYSTEM_SYSRULES_documentImage"(
                            document: #"_a-0000e0ef-20d6-8000-9ba2-011c48011c48_903666"
                          )
                        },
                        size: "TINY",
                        isThumbnail: false,
                        style: "AVATAR",
                        align: "CENTER"
                      ),
                      #"SYSTEM_SYSRULES_richTextDisplayField"(
                        label: "Rich Text",
                        labelPosition: "COLLAPSED",
                        value: {
                          #"SYSTEM_SYSRULES_richTextItem_v1"(
                            text: {"50 MM €"},
                            size: "LARGE",
                            style: {
                              "STRONG"
                            }
                          )
                        },
                        align: "CENTER"
                      )
                    }
                  ),
                  #"SYSTEM_SYSRULES_columnLayout"(
                    contents: {
                      #"SYSTEM_SYSRULES_richTextDisplayField"(
                        label: "Rich Text",
                        labelPosition: "COLLAPSED",
                        value: {
                          #"SYSTEM_SYSRULES_richTextItem_v1"(
                            text: {"Propuesta: ACPM-2018-014"},
                            color: "ACCENT",
                            size: "STANDARD",
                            style: {
                              "EMPHASIS"
                            }
                          )
                        },
                        align: "LEFT"
                      ),
                      #"SYSTEM_SYSRULES_columnsLayout"(
                        columns: {
                          #"SYSTEM_SYSRULES_columnLayout"(
                            contents: {
                              #"SYSTEM_SYSRULES_richTextDisplayField"(
                                label: "Rich Text",
                                labelPosition: "COLLAPSED",
                                value: {
                                  #"SYSTEM_SYSRULES_richTextItem_v1"(
                                    text: {"Límite actual"},
                                    size: "SMALL",
                                    style: {
                                      "EMPHASIS",
                                      "STRONG"
                                    }
                                  )
                                },
                                align: "LEFT"
                              ),
                              #"SYSTEM_SYSRULES_richTextDisplayField"(
                                label: "Rich Text",
                                labelPosition: "COLLAPSED",
                                value: {
                                  #"SYSTEM_SYSRULES_richTextItem_v1"(
                                    text: {"Límite propuesto"},
                                    size: "SMALL",
                                    style: {
                                      "EMPHASIS",
                                      "STRONG"
                                    }
                                  )
                                },
                                align: "LEFT"
                              ),
                              #"SYSTEM_SYSRULES_richTextDisplayField"(
                                label: "Rich Text",
                                labelPosition: "COLLAPSED",
                                value: {
                                  #"SYSTEM_SYSRULES_richTextItem_v1"(
                                    text: {"Diferencia"},
                                    size: "SMALL",
                                    style: {
                                      "EMPHASIS",
                                      "STRONG"
                                    }
                                  )
                                },
                                align: "LEFT"
                              ),
                              #"SYSTEM_SYSRULES_richTextDisplayField"(
                                label: "Rich Text",
                                labelPosition: "COLLAPSED",
                                value: {
                                  #"SYSTEM_SYSRULES_richTextItem_v1"(
                                    text: {"Vencimiento"},
                                    size: "SMALL",
                                    style: {
                                      "EMPHASIS",
                                      "STRONG"
                                    }
                                  )
                                },
                                align: "LEFT"
                              ),
                              #"SYSTEM_SYSRULES_richTextDisplayField"(
                                label: "Rich Text",
                                labelPosition: "COLLAPSED",
                                value: {
                                  #"SYSTEM_SYSRULES_richTextItem_v1"(
                                    text: {"Estado"},
                                    size: "SMALL",
                                    style: {
                                      "EMPHASIS",
                                      "STRONG"
                                    }
                                  )
                                },
                                align: "LEFT"
                              )
                            }
                          ),
                          #"SYSTEM_SYSRULES_columnLayout"(
                            contents: {
                              #"SYSTEM_SYSRULES_richTextDisplayField"(
                                label: "",
                                labelPosition: "COLLAPSED",
                                helptooltip: "S&amp;P",
                                value: {
                                  #"SYSTEM_SYSRULES_richTextItem_v1"(
                                    text: {"50"},
                                    size: "STANDARD",
                                    style: {}
                                  )
                                },
                                align: "CENTER"
                              ),
                              #"SYSTEM_SYSRULES_richTextDisplayField"(
                                label: "",
                                labelPosition: "COLLAPSED",
                                helptooltip: "S&amp;P",
                                value: {
                                  #"SYSTEM_SYSRULES_richTextItem_v1"(
                                    text: {"-"},
                                    size: "STANDARD",
                                    style: {}
                                  )
                                },
                                align: "CENTER"
                              ),
                              #"SYSTEM_SYSRULES_richTextDisplayField"(
                                label: "",
                                labelPosition: "COLLAPSED",
                                helptooltip: "S&amp;P",
                                value: {
                                  #"SYSTEM_SYSRULES_richTextItem_v1"(
                                    text: {"-"},
                                    size: "STANDARD",
                                    style: {}
                                  )
                                },
                                align: "CENTER"
                              ),
                              #"SYSTEM_SYSRULES_richTextDisplayField"(
                                label: "",
                                labelPosition: "COLLAPSED",
                                helptooltip: "S&amp;P",
                                value: {
                                  #"SYSTEM_SYSRULES_richTextItem_v1"(
                                    text: {"-"},
                                    size: "STANDARD",
                                    style: {}
                                  )
                                },
                                align: "CENTER"
                              ),
                              #"SYSTEM_SYSRULES_richTextDisplayField"(
                                label: "",
                                labelPosition: "COLLAPSED",
                                value: {
                                  #"SYSTEM_SYSRULES_richTextImage"(
                                    image: #"SYSTEM_SYSRULES_documentImage"(
                                          document: #"SYSTEM_SYSRULES_iconIndicator"("STATUS_WARN")
                                        )
                                      
                                    )
                                
                                },
                                align: "CENTER"
                              )
                            }
                          )
                        }
                      ),
                      #"SYSTEM_SYSRULES_richTextDisplayField"(
                        label: "",
                        labelPosition: "ABOVE",
                        value: {
                          #"SYSTEM_SYSRULES_richTextIcon"(icon: "history"),
                          #"SYSTEM_SYSRULES_richTextItem_v1"(
                            text: {"Ver histórico de ACMP-2018-014"},
                            link: #"SYSTEM_SYSRULES_safeLink"(
                              
                            ),
                            style: {
                              "EMPHASIS"
                            }
                          )
                        }
                      )
                    }
                  )
                }
              )
            }
          ),
          #"SYSTEM_SYSRULES_columnLayout"(
            contents: {
              {
              #"SYSTEM_SYSRULES_columnsLayout"(
                columns: {
                  #"SYSTEM_SYSRULES_columnLayout"(
                    contents: {
                      #"SYSTEM_SYSRULES_columnsLayout"(
                        columns: {
                          #"SYSTEM_SYSRULES_columnLayout"(
                            contents: {
                              #"SYSTEM_SYSRULES_richTextDisplayField"(
                                label: "Rich Text",
                                labelPosition: "COLLAPSED",
                                value: {
                                  #"SYSTEM_SYSRULES_richTextItem_v1"(
                                    text: {"S&amp;P"},
                                    size: "SMALL",
                                    style: {
                                      "EMPHASIS",
                                      "STRONG"
                                    }
                                  )
                                },
                                align: "LEFT"
                              )
                            }
                          ),
                          #"SYSTEM_SYSRULES_columnLayout"(
                            contents: {
                              #"SYSTEM_SYSRULES_richTextDisplayField"(
                                label: "",
                                labelPosition: "COLLAPSED",
                                helptooltip: "S&amp;P",
                                value: {
                                  #"SYSTEM_SYSRULES_richTextItem_v1"(
                                    text: {"-"},
                                    size: "MEDIUM",
                                    style: {}
                                  )
                                },
                                align: "CENTER"
                              )
                            }
                          ),
                          #"SYSTEM_SYSRULES_columnLayout"(
                            contents: {
                              #"SYSTEM_SYSRULES_richTextDisplayField"(
                                label: "Rich Text",
                                labelPosition: "COLLAPSED",
                                instructions: "",
                                helptooltip: "",
                                value: {
                                  #"SYSTEM_SYSRULES_richTextItem_v1"(
                                    text: {"AA-"},
                                    size: "MEDIUM",
                                    style: {
                                    }
                                  )
                                },
                                align: "CENTER"
                              )
                            }
                          )
                        }
                      )
                    }
                  ),
                  #"SYSTEM_SYSRULES_columnLayout"(
                    contents: {
                      #"SYSTEM_SYSRULES_columnsLayout"(
                        columns: {
                          #"SYSTEM_SYSRULES_columnLayout"(
                            contents: {
                              #"SYSTEM_SYSRULES_richTextDisplayField"(
                                label: "Rich Text",
                                labelPosition: "COLLAPSED",
                                value: {
                                  #"SYSTEM_SYSRULES_richTextItem_v1"(
                                    text: {"Bond"},
                                    size: "SMALL",
                                    style: {
                                      "EMPHASIS",
                                      "STRONG"
                                    }
                                  )
                                },
                                align: "LEFT"
                              )
                            }
                          ),
                          #"SYSTEM_SYSRULES_columnLayout"(
                            contents: {
                              #"SYSTEM_SYSRULES_richTextDisplayField"(
                                label: "",
                                labelPosition: "COLLAPSED",
                                helptooltip: "S&amp;P",
                                value: {
                                  #"SYSTEM_SYSRULES_richTextItem_v1"(
                                    text: {"-"},
                                    size: "MEDIUM",
                                    style: {}
                                  )
                                },
                                align: "LEFT"
                              )
                            }
                          )
                        }
                      )
                    }
                  )
                }
              ),
              #"SYSTEM_SYSRULES_columnsLayout"(
                columns: {
                  #"SYSTEM_SYSRULES_columnLayout"(
                    contents: {
                      #"SYSTEM_SYSRULES_columnsLayout"(
                        columns: {
                          #"SYSTEM_SYSRULES_columnLayout"(
                            contents: {
                              #"SYSTEM_SYSRULES_richTextDisplayField"(
                                label: "Rich Text",
                                labelPosition: "COLLAPSED",
                                value: {
                                  #"SYSTEM_SYSRULES_richTextItem_v1"(
                                    text: {"Moody's"},
                                    size: "SMALL",
                                    style: {
                                      "EMPHASIS",
                                      "STRONG"
                                    }
                                  )
                                },
                                align: "LEFT"
                              )
                            }
                          ),
                          #"SYSTEM_SYSRULES_columnLayout"(
                            contents: {
                              #"SYSTEM_SYSRULES_richTextDisplayField"(
                                label: "",
                                labelPosition: "COLLAPSED",
                                helptooltip: "S&amp;P",
                                value: {
                                  #"SYSTEM_SYSRULES_richTextItem_v1"(
                                    text: {"-"},
                                    size: "MEDIUM",
                                    style: {}
                                  )
                                },
                                align: "CENTER"
                              )
                            }
                          ),
                          #"SYSTEM_SYSRULES_columnLayout"(
                            contents: {
                              #"SYSTEM_SYSRULES_richTextDisplayField"(
                                label: "Rich Text",
                                labelPosition: "COLLAPSED",
                                value: {
                                  #"SYSTEM_SYSRULES_richTextItem_v1"(
                                    text: {"NA"},
                                    size: "MEDIUM",
                                    style: {
                                    }
                                  )
                                },
                                align: "CENTER"
                              )
                            }
                          )
                        }
                      )
                    }
                  ),
                  #"SYSTEM_SYSRULES_columnLayout"(
                    contents: {
                      #"SYSTEM_SYSRULES_columnsLayout"(
                        columns: {
                          #"SYSTEM_SYSRULES_columnLayout"(
                            contents: {
                              #"SYSTEM_SYSRULES_richTextDisplayField"(
                                label: "Rich Text",
                                labelPosition: "COLLAPSED",
                                value: {
                                  #"SYSTEM_SYSRULES_richTextItem_v1"(
                                    text: {"CDS"},
                                    size: "SMALL",
                                    style: {
                                      "EMPHASIS",
                                      "STRONG"
                                    }
                                  )
                                },
                                align: "LEFT"
                              )
                            }
                          ),
                          #"SYSTEM_SYSRULES_columnLayout"(
                            contents: {
                              #"SYSTEM_SYSRULES_richTextDisplayField"(
                                label: "",
                                labelPosition: "COLLAPSED",
                                helptooltip: "S&amp;P",
                                value: {
                                  #"SYSTEM_SYSRULES_richTextItem_v1"(
                                    text: {"-"},
                                    size: "MEDIUM",
                                    style: {}
                                  )
                                },
                                align: "LEFT"
                              )
                            }
                          )
                        }
                      )
                    }
                  )
                }
              ),
              #"SYSTEM_SYSRULES_columnsLayout"(
                columns: {
                  #"SYSTEM_SYSRULES_columnLayout"(
                    contents: {
                      #"SYSTEM_SYSRULES_columnsLayout"(
                        columns: {
                          #"SYSTEM_SYSRULES_columnLayout"(
                            contents: {
                              #"SYSTEM_SYSRULES_richTextDisplayField"(
                                label: "Rich Text",
                                labelPosition: "COLLAPSED",
                                value: {
                                  #"SYSTEM_SYSRULES_richTextItem_v1"(
                                    text: {"Fitch"},
                                    size: "SMALL",
                                    style: {
                                      "EMPHASIS",
                                      "STRONG"
                                    }
                                  )
                                },
                                align: "LEFT"
                              )
                            }
                          ),
                          #"SYSTEM_SYSRULES_columnLayout"(
                            contents: {
                              #"SYSTEM_SYSRULES_richTextDisplayField"(
                                label: "",
                                labelPosition: "COLLAPSED",
                                helptooltip: "S&amp;P",
                                value: {
                                  #"SYSTEM_SYSRULES_richTextItem_v1"(
                                    text: {"-"},
                                    size: "MEDIUM",
                                    style: {}
                                  )
                                },
                                align: "CENTER"
                              )
                            }
                          ),
                          #"SYSTEM_SYSRULES_columnLayout"(
                            contents: {
                              #"SYSTEM_SYSRULES_richTextDisplayField"(
                                label: "Rich Text",
                                labelPosition: "COLLAPSED",
                                value: {
                                  #"SYSTEM_SYSRULES_richTextItem_v1"(
                                    text: {"NA"},
                                    size: "MEDIUM",
                                    style: {
                                    }
                                  )
                                },
                                align: "CENTER"
                              )
                            }
                          )
                        }
                      ),
                      #"SYSTEM_SYSRULES_columnsLayout"(
                        columns: {
                          #"SYSTEM_SYSRULES_columnLayout"(
                            contents: {}
                          ),
                          #"SYSTEM_SYSRULES_columnLayout"(
                            contents: {
                              #"SYSTEM_SYSRULES_richTextDisplayField"(
                                label: "Rich Text",
                                labelPosition: "COLLAPSED",
                                value: {
                                  #"SYSTEM_SYSRULES_richTextItem_v1"(
                                    text: {"REXCO"},
                                    size: "SMALL",
                                    style: {
                                      "EMPHASIS",
                                      "STRONG"
                                    }
                                  ),
                                  #"SYSTEM_SYSRULES_richTextItem_v1"(
                                    text: {" A1"},
                                    size: "SMALL",
                                    style: {
                                      "EMPHASIS"
                                    }
                                  )
                                },
                                align: "LEFT"
                              )
                            }
                          ),
                          #"SYSTEM_SYSRULES_columnLayout"(
                            contents: {
                              #"SYSTEM_SYSRULES_richTextDisplayField"(
                                label: "Rich Text",
                                labelPosition: "COLLAPSED",
                                helptooltip: "Rating SAN",
                                value: {
                                   #"SYSTEM_SYSRULES_richTextImage"(
                                    image:#"SYSTEM_SYSRULES_documentImage"(document:  66498)
                                  ),
                                  #"SYSTEM_SYSRULES_richTextItem_v1"(
                                    text: {"-"},
                                    size: "SMALL",
                                    style: {
                                      "EMPHASIS"
                                    }
                                  )
                                   
                                },
                                align: "LEFT"
                              )
                            }
                          )
                        }
                      )
                    }
                  ),
                  #"SYSTEM_SYSRULES_columnLayout"(
                    contents: {}
                  )
                }
              )
            }
            }
          )
        }
      ),
      #"SYSTEM_SYSRULES_milestoneField"(
        label: "Milestone",
        labelPosition: "COLLAPSED",
        steps: {"", ""},
        links: {},
        active: -1
      ),
      #"SYSTEM_SYSRULES_columnsLayout"(
        columns: {
          #"SYSTEM_SYSRULES_columnLayout"(
            contents: {
              #"SYSTEM_SYSRULES_columnsLayout"(
                columns: {
                  #"SYSTEM_SYSRULES_columnLayout"(
                    contents: {
                      #"SYSTEM_SYSRULES_dropdownField"(
                        label: "Propuesta",
                        labelPosition: "COLLAPSED",
                        placeholderLabel: "Seleccione la propuesta",
                        choiceLabels: {"Option 1", "Option 2"},
                        choiceValues: {1, 2},
                        saveInto: {},
                        validations: {}
                      ),
                      #"SYSTEM_SYSRULES_richTextDisplayField"(
                        label: "Rich Text",
                        labelPosition: "COLLAPSED",
                        value: {
                          #"SYSTEM_SYSRULES_richTextItem_v1"(
                            text: {"MM"},
                            size: "MEDIUM",
                            style: {
                              "STRONG"
                            }
                          )
                        },
                        align: "CENTER"
                      ),
                      #"SYSTEM_SYSRULES_imageField_v1"(
                        label: "Image",
                        labelPosition: "COLLAPSED",
                        images: {
                          #"SYSTEM_SYSRULES_documentImage"(
                            document: #"_a-0000e0ef-20d6-8000-9ba2-011c48011c48_903666"
                          )
                        },
                        size: "TINY",
                        isThumbnail: false,
                        style: "AVATAR",
                        align: "CENTER"
                      ),
                      #"SYSTEM_SYSRULES_richTextDisplayField"(
                        label: "Rich Text",
                        labelPosition: "COLLAPSED",
                        value: {
                          #"SYSTEM_SYSRULES_richTextItem_v1"(
                            text: {"50 MM €"},
                            size: "LARGE",
                            style: {
                              "STRONG"
                            }
                          )
                        },
                        align: "CENTER"
                      )
                    }
                  ),
                  #"SYSTEM_SYSRULES_columnLayout"(
                    contents: {
                      #"SYSTEM_SYSRULES_richTextDisplayField"(
                        label: "Rich Text",
                        labelPosition: "COLLAPSED",
                        value: {
                          #"SYSTEM_SYSRULES_richTextItem_v1"(
                            text: {"Propuesta: MM-2018-002"},
                            color: "ACCENT",
                            size: "STANDARD",
                            style: {
                              "EMPHASIS"
                            }
                          )
                        },
                        align: "LEFT"
                      ),
                      #"SYSTEM_SYSRULES_columnsLayout"(
                        columns: {
                          #"SYSTEM_SYSRULES_columnLayout"(
                            contents: {
                              #"SYSTEM_SYSRULES_richTextDisplayField"(
                                label: "Rich Text",
                                labelPosition: "COLLAPSED",
                                value: {
                                  #"SYSTEM_SYSRULES_richTextItem_v1"(
                                    text: {"Límite actual"},
                                    size: "SMALL",
                                    style: {
                                      "EMPHASIS",
                                      "STRONG"
                                    }
                                  )
                                },
                                align: "LEFT"
                              ),
                              #"SYSTEM_SYSRULES_richTextDisplayField"(
                                label: "Rich Text",
                                labelPosition: "COLLAPSED",
                                value: {
                                  #"SYSTEM_SYSRULES_richTextItem_v1"(
                                    text: {"Límite propuesto"},
                                    size: "SMALL",
                                    style: {
                                      "EMPHASIS",
                                      "STRONG"
                                    }
                                  )
                                },
                                align: "LEFT"
                              ),
                              #"SYSTEM_SYSRULES_richTextDisplayField"(
                                label: "Rich Text",
                                labelPosition: "COLLAPSED",
                                value: {
                                  #"SYSTEM_SYSRULES_richTextItem_v1"(
                                    text: {"Diferencia"},
                                    size: "SMALL",
                                    style: {
                                      "EMPHASIS",
                                      "STRONG"
                                    }
                                  )
                                },
                                align: "LEFT"
                              ),
                              #"SYSTEM_SYSRULES_richTextDisplayField"(
                                label: "Rich Text",
                                labelPosition: "COLLAPSED",
                                value: {
                                  #"SYSTEM_SYSRULES_richTextItem_v1"(
                                    text: {"Vencimiento"},
                                    size: "SMALL",
                                    style: {
                                      "EMPHASIS",
                                      "STRONG"
                                    }
                                  )
                                },
                                align: "LEFT"
                              ),
                              #"SYSTEM_SYSRULES_richTextDisplayField"(
                                label: "Rich Text",
                                labelPosition: "COLLAPSED",
                                value: {
                                  #"SYSTEM_SYSRULES_richTextItem_v1"(
                                    text: {"Estado"},
                                    size: "SMALL",
                                    style: {
                                      "EMPHASIS",
                                      "STRONG"
                                    }
                                  )
                                },
                                align: "LEFT"
                              )
                            }
                          ),
                          #"SYSTEM_SYSRULES_columnLayout"(
                            contents: {
                              #"SYSTEM_SYSRULES_richTextDisplayField"(
                                label: "",
                                labelPosition: "COLLAPSED",
                                helptooltip: "S&amp;P",
                                value: {
                                  #"SYSTEM_SYSRULES_richTextItem_v1"(
                                    text: {"20"},
                                    size: "STANDARD",
                                    style: {}
                                  )
                                },
                                align: "CENTER"
                              ),
                              #"SYSTEM_SYSRULES_richTextDisplayField"(
                                label: "",
                                labelPosition: "COLLAPSED",
                                helptooltip: "S&amp;P",
                                value: {
                                  #"SYSTEM_SYSRULES_richTextItem_v1"(
                                    text: {"50"},
                                    size: "STANDARD",
                                    style: {}
                                  )
                                },
                                align: "CENTER"
                              ),
                              #"SYSTEM_SYSRULES_richTextDisplayField"(
                                label: "",
                                labelPosition: "COLLAPSED",
                                helptooltip: "S&amp;P",
                                value: {
                                  #"SYSTEM_SYSRULES_richTextItem_v1"(
                                    text: {"30"},
                                    size: "STANDARD",
                                    color: "NEGATIVE",
                                    style: {}
                                  )
                                },
                                align: "CENTER"
                              ),
                              #"SYSTEM_SYSRULES_richTextDisplayField"(
                                label: "",
                                labelPosition: "COLLAPSED",
                                helptooltip: "S&amp;P",
                                value: {
                                  #"SYSTEM_SYSRULES_richTextItem_v1"(
                                    text: {"-"},
                                    size: "STANDARD",
                                    style: {}
                                  )
                                },
                                align: "CENTER"
                              ),
                              #"SYSTEM_SYSRULES_richTextDisplayField"(
                                label: "",
                                labelPosition: "COLLAPSED",
                                value: {
                                  #"SYSTEM_SYSRULES_richTextImage"(
                                    image: #"SYSTEM_SYSRULES_documentImage"(
                                          document: #"SYSTEM_SYSRULES_iconIndicator"("STATUS_WARN")
                                        )
                                      
                                    )
                                
                                },
                                align: "CENTER"
                              )
                            }
                          )
                        }
                      ),
                      #"SYSTEM_SYSRULES_richTextDisplayField"(
                        label: "",
                        labelPosition: "ABOVE",
                        value: {
                          #"SYSTEM_SYSRULES_richTextIcon"(icon: "history"),
                          #"SYSTEM_SYSRULES_richTextItem_v1"(
                            text: {"Ver histórico de ACMP-2018-014"},
                            link: #"SYSTEM_SYSRULES_safeLink"(
                              
                            ),
                            style: {
                              "EMPHASIS"
                            }
                          )
                        }
                      )
                    }
                  )
                }
              )
            }
          ),
          #"SYSTEM_SYSRULES_columnLayout"(
            contents: {
              {
              #"SYSTEM_SYSRULES_columnsLayout"(
                columns: {
                  #"SYSTEM_SYSRULES_columnLayout"(
                    contents: {
                      #"SYSTEM_SYSRULES_columnsLayout"(
                        columns: {
                          #"SYSTEM_SYSRULES_columnLayout"(
                            contents: {
                              #"SYSTEM_SYSRULES_richTextDisplayField"(
                                label: "Rich Text",
                                labelPosition: "COLLAPSED",
                                value: {
                                  #"SYSTEM_SYSRULES_richTextItem_v1"(
                                    text: {"S&amp;P"},
                                    size: "SMALL",
                                    style: {
                                      "EMPHASIS",
                                      "STRONG"
                                    }
                                  )
                                },
                                align: "LEFT"
                              )
                            }
                          ),
                          #"SYSTEM_SYSRULES_columnLayout"(
                            contents: {
                              #"SYSTEM_SYSRULES_richTextDisplayField"(
                                label: "",
                                labelPosition: "COLLAPSED",
                                helptooltip: "S&amp;P",
                                value: {
                                  #"SYSTEM_SYSRULES_richTextItem_v1"(
                                    text: {"-"},
                                    size: "MEDIUM",
                                    style: {}
                                  )
                                },
                                align: "CENTER"
                              )
                            }
                          ),
                          #"SYSTEM_SYSRULES_columnLayout"(
                            contents: {
                              #"SYSTEM_SYSRULES_richTextDisplayField"(
                                label: "Rich Text",
                                labelPosition: "COLLAPSED",
                                instructions: "",
                                helptooltip: "",
                                value: {
                                  #"SYSTEM_SYSRULES_richTextItem_v1"(
                                    text: {"AA-"},
                                    size: "MEDIUM",
                                    style: {
                                    }
                                  )
                                },
                                align: "CENTER"
                              )
                            }
                          )
                        }
                      )
                    }
                  ),
                  #"SYSTEM_SYSRULES_columnLayout"(
                    contents: {
                      #"SYSTEM_SYSRULES_columnsLayout"(
                        columns: {
                          #"SYSTEM_SYSRULES_columnLayout"(
                            contents: {
                              #"SYSTEM_SYSRULES_richTextDisplayField"(
                                label: "Rich Text",
                                labelPosition: "COLLAPSED",
                                value: {
                                  #"SYSTEM_SYSRULES_richTextItem_v1"(
                                    text: {"Bond"},
                                    size: "SMALL",
                                    style: {
                                      "EMPHASIS",
                                      "STRONG"
                                    }
                                  )
                                },
                                align: "LEFT"
                              )
                            }
                          ),
                          #"SYSTEM_SYSRULES_columnLayout"(
                            contents: {
                              #"SYSTEM_SYSRULES_richTextDisplayField"(
                                label: "",
                                labelPosition: "COLLAPSED",
                                helptooltip: "S&amp;P",
                                value: {
                                  #"SYSTEM_SYSRULES_richTextItem_v1"(
                                    text: {"-"},
                                    size: "MEDIUM",
                                    style: {}
                                  )
                                },
                                align: "LEFT"
                              )
                            }
                          )
                        }
                      )
                    }
                  )
                }
              ),
              #"SYSTEM_SYSRULES_columnsLayout"(
                columns: {
                  #"SYSTEM_SYSRULES_columnLayout"(
                    contents: {
                      #"SYSTEM_SYSRULES_columnsLayout"(
                        columns: {
                          #"SYSTEM_SYSRULES_columnLayout"(
                            contents: {
                              #"SYSTEM_SYSRULES_richTextDisplayField"(
                                label: "Rich Text",
                                labelPosition: "COLLAPSED",
                                value: {
                                  #"SYSTEM_SYSRULES_richTextItem_v1"(
                                    text: {"Moody's"},
                                    size: "SMALL",
                                    style: {
                                      "EMPHASIS",
                                      "STRONG"
                                    }
                                  )
                                },
                                align: "LEFT"
                              )
                            }
                          ),
                          #"SYSTEM_SYSRULES_columnLayout"(
                            contents: {
                              #"SYSTEM_SYSRULES_richTextDisplayField"(
                                label: "",
                                labelPosition: "COLLAPSED",
                                helptooltip: "S&amp;P",
                                value: {
                                  #"SYSTEM_SYSRULES_richTextItem_v1"(
                                    text: {"AAA"},
                                    size: "MEDIUM",
                                    style: {}
                                  )
                                },
                                align: "CENTER"
                              )
                            }
                          ),
                          #"SYSTEM_SYSRULES_columnLayout"(
                            contents: {
                              #"SYSTEM_SYSRULES_richTextDisplayField"(
                                label: "Rich Text",
                                labelPosition: "COLLAPSED",
                                value: {
                                  #"SYSTEM_SYSRULES_richTextItem_v1"(
                                    text: {"NA"},
                                    size: "MEDIUM",
                                    style: {
                                    }
                                  )
                                },
                                align: "CENTER"
                              )
                            }
                          )
                        }
                      )
                    }
                  ),
                  #"SYSTEM_SYSRULES_columnLayout"(
                    contents: {
                      #"SYSTEM_SYSRULES_columnsLayout"(
                        columns: {
                          #"SYSTEM_SYSRULES_columnLayout"(
                            contents: {
                              #"SYSTEM_SYSRULES_richTextDisplayField"(
                                label: "Rich Text",
                                labelPosition: "COLLAPSED",
                                value: {
                                  #"SYSTEM_SYSRULES_richTextItem_v1"(
                                    text: {"CDS"},
                                    size: "SMALL",
                                    style: {
                                      "EMPHASIS",
                                      "STRONG"
                                    }
                                  )
                                },
                                align: "LEFT"
                              )
                            }
                          ),
                          #"SYSTEM_SYSRULES_columnLayout"(
                            contents: {
                              #"SYSTEM_SYSRULES_richTextDisplayField"(
                                label: "",
                                labelPosition: "COLLAPSED",
                                helptooltip: "S&amp;P",
                                value: {
                                  #"SYSTEM_SYSRULES_richTextItem_v1"(
                                    text: {"-"},
                                    size: "MEDIUM",
                                    style: {}
                                  )
                                },
                                align: "LEFT"
                              )
                            }
                          )
                        }
                      )
                    }
                  )
                }
              ),
              #"SYSTEM_SYSRULES_columnsLayout"(
                columns: {
                  #"SYSTEM_SYSRULES_columnLayout"(
                    contents: {
                      #"SYSTEM_SYSRULES_columnsLayout"(
                        columns: {
                          #"SYSTEM_SYSRULES_columnLayout"(
                            contents: {
                              #"SYSTEM_SYSRULES_richTextDisplayField"(
                                label: "Rich Text",
                                labelPosition: "COLLAPSED",
                                value: {
                                  #"SYSTEM_SYSRULES_richTextItem_v1"(
                                    text: {"Fitch"},
                                    size: "SMALL",
                                    style: {
                                      "EMPHASIS",
                                      "STRONG"
                                    }
                                  )
                                },
                                align: "LEFT"
                              )
                            }
                          ),
                          #"SYSTEM_SYSRULES_columnLayout"(
                            contents: {
                              #"SYSTEM_SYSRULES_richTextDisplayField"(
                                label: "",
                                labelPosition: "COLLAPSED",
                                helptooltip: "S&amp;P",
                                value: {
                                  #"SYSTEM_SYSRULES_richTextItem_v1"(
                                    text: {"-"},
                                    size: "MEDIUM",
                                    style: {}
                                  )
                                },
                                align: "CENTER"
                              )
                            }
                          ),
                          #"SYSTEM_SYSRULES_columnLayout"(
                            contents: {
                              #"SYSTEM_SYSRULES_richTextDisplayField"(
                                label: "Rich Text",
                                labelPosition: "COLLAPSED",
                                value: {
                                  #"SYSTEM_SYSRULES_richTextItem_v1"(
                                    text: {"NA"},
                                    size: "MEDIUM",
                                    style: {
                                    }
                                  )
                                },
                                align: "CENTER"
                              )
                            }
                          )
                        }
                      ),
                      #"SYSTEM_SYSRULES_columnsLayout"(
                        columns: {
                          #"SYSTEM_SYSRULES_columnLayout"(
                            contents: {}
                          ),
                          #"SYSTEM_SYSRULES_columnLayout"(
                            contents: {
                              #"SYSTEM_SYSRULES_richTextDisplayField"(
                                label: "Rich Text",
                                labelPosition: "COLLAPSED",
                                value: {
                                  #"SYSTEM_SYSRULES_richTextItem_v1"(
                                    text: {"REXCO"},
                                    size: "SMALL",
                                    style: {
                                      "EMPHASIS",
                                      "STRONG"
                                    }
                                  ),
                                  #"SYSTEM_SYSRULES_richTextItem_v1"(
                                    text: {" A1"},
                                    size: "SMALL",
                                    style: {
                                      "EMPHASIS"
                                    }
                                  )
                                },
                                align: "LEFT"
                              )
                            }
                          ),
                          #"SYSTEM_SYSRULES_columnLayout"(
                            contents: {
                              #"SYSTEM_SYSRULES_richTextDisplayField"(
                                label: "Rich Text",
                                labelPosition: "COLLAPSED",
                                helptooltip: "Rating SAN",
                                value: {
                                   #"SYSTEM_SYSRULES_richTextImage"(
                                    image:#"SYSTEM_SYSRULES_documentImage"(document:  66498)
                                  ),
                                  #"SYSTEM_SYSRULES_richTextItem_v1"(
                                    text: {"-"},
                                    size: "SMALL",
                                    style: {
                                      "EMPHASIS"
                                    }
                                  )
                                   
                                },
                                align: "LEFT"
                              )
                            }
                          )
                        }
                      )
                    }
                  ),
                  #"SYSTEM_SYSRULES_columnLayout"(
                    contents: {}
                  )
                }
              )
            }
            }
          )
        }
      )
    },
    style: "STANDARD"
  ),
  #"SYSTEM_SYSRULES_richTextDisplayField"()
}</definition>
        <metadataExpr></metadataExpr>
        <preferredEditor>interface</preferredEditor>
        <offlineEnabled>false</offlineEnabled>
    </rule>
    <roleMap public="true">
        <role inherit="true" allowForAll="false" name="readers">
            <users/>
            <groups/>
        </role>
        <role inherit="true" allowForAll="false" name="authors">
            <users/>
            <groups/>
        </role>
        <role inherit="true" allowForAll="false" name="administrators">
            <users/>
            <groups/>
        </role>
        <role inherit="false" allowForAll="false" name="denyReaders">
            <users/>
            <groups/>
        </role>
        <role inherit="false" allowForAll="false" name="denyAuthors">
            <users/>
            <groups/>
        </role>
        <role inherit="false" allowForAll="false" name="denyAdministrators">
            <users/>
            <groups/>
        </role>
    </roleMap>
    <history>
        <historyInfo versionUuid="_a-0000e0ef-20d6-8000-9ba2-011c48011c48_903916"/>
    </history>
</contentHaul>
