<?xml version="1.0" encoding="UTF-8" standalone="yes"?>
<contentHaul xmlns:a="http://www.appian.com/ae/types/2009">
    <versionUuid>_a-0000e141-8c60-8000-9ba2-011c48011c48_993081</versionUuid>
    <rule>
        <name>EjemploSanMexico2</name>
        <uuid>_a-0000e141-8c60-8000-9ba2-011c48011c48_992877</uuid>
        <description></description>
        <parentUuid>_a-0000e075-f2c0-8000-9ba2-011c48011c48_584947</parentUuid>
        <visibility>
            <advertise>false</advertise>
            <hierarchy>true</hierarchy>
            <indexable>true</indexable>
            <quota>false</quota>
            <searchable>true</searchable>
            <system>false</system>
            <unlogged>false</unlogged>
        </visibility>
        <definition>load(
  local!category,
  local!searchTerm,
  local!search: false,
  local!recentlyAccessed:
  /* This variable would normally be retrieved with a rule like rule!getMyRecentHelpTopics(loggedinuser()). */
  {
    {icon: "briefcase", title: "Request Time Off", linkUrl: ""},
    {icon: "user", title: "Karen Walton (Benefits Coordinator)", linkUrl: ""},
    {icon: "file", title: "401(k) Policy Updates", linkUrl: ""},
    {icon: "check-square", title: "Submit An IT Service Desk Case", linkUrl: ""}
  },
  local!popularNow:
  /* This variable would normally be retrieved with a rule like rule!getPopularHelpTopics(). */
  {
    {icon: "user", title: "Mischa Franklin (Facilities Manager)", linkUrl: ""},
    {icon: "money", title: "Submit Expense Report", linkUrl: ""},
    {icon: "check-square", title: "Submit An IT Service Desk Case", linkUrl: ""},
    {icon: "external-link", title: "Time Management System", linkUrl: ""}
  },
  {
    #"SYSTEM_SYSRULES_columnsLayout"(
      columns: {
        #"SYSTEM_SYSRULES_columnLayout"(
          contents: {
            #"SYSTEM_SYSRULES_billboardLayout"(
              /*backgroundMedia: a!documentImage(*/
                /*document: 71028*/
              /*),*/
              backgroundColor: "#e90a32",
              overlaypositionbar: "BOTTOM",
              overlayStyle: "DARK",
              overlayContents: {
                #"SYSTEM_SYSRULES_sideBySideLayout"(
                  items: {
                    #"SYSTEM_SYSRULES_sideBySideItem"(
                      item: #"SYSTEM_SYSRULES_richTextDisplayField"(
                        label: "Rich Text",
                        labelPosition: "COLLAPSED",
                        value: {
                          #"SYSTEM_SYSRULES_richTextItem_v1"(
                            text: {"¡Hola ", user(loggedInUser(), "firstName"), "!", char(10),char(10)},
                            color: "STANDARD",
                            size: "LARGE",
                            style: {
                              "EMPHASIS",
                              "STRONG"
                            }
                          )
                                  
                        }
                      ),
                      width: "MINIMIZE"
                    ),
                    #"SYSTEM_SYSRULES_sideBySideItem"(
                      item: #"SYSTEM_SYSRULES_imageField_v1"(
                        label: "Image",
                        labelPosition: "COLLAPSED",
                        images: {
                          #"SYSTEM_SYSRULES_userImage"(
                            user: loggedInUser()
                          )
                        },
                        size: "LARGE",
                        isThumbnail: false,
                        style: "AVATAR",
                        align: "START"
                      ),
                      width: "MINIMIZE"
                    ),
                    #"SYSTEM_SYSRULES_sideBySideItem"(
                      item: #"SYSTEM_SYSRULES_richTextDisplayField"(
                        label: "Rich Text",
                        labelPosition: "COLLAPSED",
                        value: {
                                  #"SYSTEM_SYSRULES_richTextIcon"(
                        icon: "user-circle-o",
                        color: "STANDARD"
                                  ),
                          #"SYSTEM_SYSRULES_richTextItem_v1"(
                            text: {" ",user(loggedInUser(), "firstName")," ",user(loggedInUser(), "lastName"), char(10)},
                            style: {
                              "EMPHASIS"
                            }
                          )
                             
                        },
                        align: "CENTER"
                      )
                    ),
                    #"SYSTEM_SYSRULES_sideBySideItem"(
                      item: #"SYSTEM_SYSRULES_richTextDisplayField"(
                        label: "Rich Text",
                        labelPosition: "COLLAPSED",
                        value: {
                              #"SYSTEM_SYSRULES_richTextIcon"(
                        icon: "address-card-o",
                        color: "STANDARD"
                              ),
                          #"SYSTEM_SYSRULES_richTextItem_v1"(
                            text: {" Sub. Soluciones Financieras", char(10)},
                            style: {
                              "EMPHASIS"
                            }
                          )
                            
                        },
                        align: "CENTER"
                      )
                    ),
                    #"SYSTEM_SYSRULES_sideBySideItem"(
                      item: #"SYSTEM_SYSRULES_richTextDisplayField"(
                        label: "Rich Text",
                        labelPosition: "COLLAPSED",
                        value: {
                            #"SYSTEM_SYSRULES_richTextIcon"(
                        icon: "mail-forward",
                        color: "STANDARD"
                            ),
                          #"SYSTEM_SYSRULES_richTextItem_v1"(
                            text: {" ", user(loggedInUser(), "email"), char(10)},
                            style: {
                              "EMPHASIS"
                            }
                          )
                       
                        },
                        align: "CENTER"
                      )
                    ),
                    #"SYSTEM_SYSRULES_sideBySideItem"(
                      item: #"SYSTEM_SYSRULES_richTextDisplayField"(
                        label: "Rich Text",
                        labelPosition: "COLLAPSED",
                        value: {

                          #"SYSTEM_SYSRULES_richTextIcon"(
                        icon: "phone",
                        color: "STANDARD"
                              ),
                          #"SYSTEM_SYSRULES_richTextItem_v1"(
                            text: {" +34 677543456"},
                            style: {
                              "EMPHASIS"
                            }
                          )  
                        },
                        align: "CENTER"
                      )
                    )
                  },
                  alignvertical: "MIDDLE",
                  spacing: "SPARSE"
                )
              },
              height: "SHORT",
              marginBelow: "STANDARD"
            ),
            #"SYSTEM_SYSRULES_sideBySideLayout"(
              items: {
                #"SYSTEM_SYSRULES_sideBySideItem"(
                  item: #"SYSTEM_SYSRULES_richTextDisplayField"(
                    label: "Rich Text",
                    labelPosition: "COLLAPSED",
                    value: {}
                  ),
                  width: "1X"
                ),
                #"SYSTEM_SYSRULES_sideBySideItem"(
                  item: #"SYSTEM_SYSRULES_textField"(
                    labelPosition: "COLLAPSED",
                    placeholder: "Buscar...",
                    value: local!searchTerm,
                    saveInto: local!searchTerm
                  ),
                  width: "3X"
                ),
                #"SYSTEM_SYSRULES_sideBySideItem"(
                  item: #"SYSTEM_SYSRULES_richTextDisplayField"(
                    label: "Rich Text",
                    labelPosition: "COLLAPSED",
                    value: {
                      #"SYSTEM_SYSRULES_richTextIcon"(
                        icon: "search",
                        link: #"SYSTEM_SYSRULES_dynamicLink"(
                          saveInto: {a!save(local!search, true)}
                        ),
                        linkStyle: "STANDALONE",
                        color: "ACCENT",
                        size: "LARGE"
                      )
                    }
                  ),
                  width: "MINIMIZE"
                )
              },
              alignvertical: "BOTTOM",
              spacing: "SPARSE"
            )
          }
        )
      }
    ),
    #"SYSTEM_SYSRULES_richTextDisplayField"(
      label: "Rich Text",
      labelPosition: "COLLAPSED",
      value: {}
    ),
    #"SYSTEM_SYSRULES_columnsLayout"(
      columns: {
        #"SYSTEM_SYSRULES_columnLayout"(
          contents: {
            #"SYSTEM_SYSRULES_cardLayout"(
              contents: {
                #"SYSTEM_SYSRULES_sideBySideLayout"(
                  items: {
                    #"SYSTEM_SYSRULES_sideBySideItem"(
                      item: #"SYSTEM_SYSRULES_richTextDisplayField"(
                        label: "Rich Text",
                        labelPosition: "COLLAPSED",
                        value: {
                          #"SYSTEM_SYSRULES_richTextIcon"(
                            icon: "tags",
                            color: "ACCENT",
                            size: "MEDIUM"
                          )
                        }
                      ),
                      width: "MINIMIZE"
                    ),
                    #"SYSTEM_SYSRULES_sideBySideItem"(
                      item: #"SYSTEM_SYSRULES_richTextDisplayField"(
                        label: "Rich Text",
                        labelPosition: "COLLAPSED",
                        value: {
                          #"SYSTEM_SYSRULES_richTextItem_v1"(
                            text: {"Solicitudes"},
                            color: "ACCENT",
                            style: {
                              "EMPHASIS",
                              "STRONG"
                            }
                          )
                        },
                        align: "LEFT"
                      )
                    ),
                    #"SYSTEM_SYSRULES_sideBySideItem"(
                      item: #"SYSTEM_SYSRULES_richTextDisplayField"(
                        label: "Rich Text",
                        labelPosition: "COLLAPSED",
                        value: {
                          #"SYSTEM_SYSRULES_richTextIcon"(
                            icon: "chevron-right",
                            color: "ACCENT",
                            size: "MEDIUM"
                          )
                        }
                      ),
                      width: "MINIMIZE"
                    )
                  },
                  alignvertical: "MIDDLE"
                )
              },
                link: #"SYSTEM_SYSRULES_dynamicLink"(),
              style: "ACCENT",
              height: "AUTO",
              marginBelow: "NONE"
            ),
            #"SYSTEM_SYSRULES_cardLayout"(
              contents: {
                #"SYSTEM_SYSRULES_sideBySideLayout"(
                  items: {
                    #"SYSTEM_SYSRULES_sideBySideItem"(
                      item: #"SYSTEM_SYSRULES_richTextDisplayField"(
                        label: "Rich Text",
                        labelPosition: "COLLAPSED",
                        value: {
                          #"SYSTEM_SYSRULES_richTextIcon"(
                            icon: "bar-chart",
                            color: "SECONDARY",
                            size: "MEDIUM"
                          )
                        }
                      ),
                      width: "MINIMIZE"
                    ),
                    #"SYSTEM_SYSRULES_sideBySideItem"(
                      item: #"SYSTEM_SYSRULES_richTextDisplayField"(
                        label: "Rich Text",
                        labelPosition: "COLLAPSED",
                        value: {
                          #"SYSTEM_SYSRULES_richTextItem_v1"(
                            text: {"Reportes"},
                            style: {
                              "EMPHASIS"
                            }
                          )
                        },
                        align: "LEFT"
                      )
                    )
                  }
                )
              },
                link: #"SYSTEM_SYSRULES_dynamicLink"(),
              style: "STANDARD",
              height: "AUTO",
              marginBelow: "NONE"
            ),
            #"SYSTEM_SYSRULES_cardLayout"(
              contents: {
                #"SYSTEM_SYSRULES_sideBySideLayout"(
                  items: {
                    #"SYSTEM_SYSRULES_sideBySideItem"(
                      item: #"SYSTEM_SYSRULES_richTextDisplayField"(
                        label: "Rich Text",
                        labelPosition: "COLLAPSED",
                        value: {
                          #"SYSTEM_SYSRULES_richTextIcon"(
                            icon: "hourglass-3",
                            color: "SECONDARY",
                            size: "MEDIUM"
                          )
                        }
                      ),
                      width: "MINIMIZE"
                    ),
                    #"SYSTEM_SYSRULES_sideBySideItem"(
                      item: #"SYSTEM_SYSRULES_richTextDisplayField"(
                        label: "Rich Text",
                        labelPosition: "COLLAPSED",
                        value: {
                          #"SYSTEM_SYSRULES_richTextItem_v1"(
                            text: {"Vencimientos"},
                            style: {
                              "EMPHASIS"
                            }
                          )
                        },
                        align: "LEFT"
                      )
                    )
                  }
                )
              },
                link: #"SYSTEM_SYSRULES_dynamicLink"(),
              style: "STANDARD",
              height: "AUTO",
              marginBelow: "NONE"
            ),
            #"SYSTEM_SYSRULES_cardLayout"(
              contents: {
                #"SYSTEM_SYSRULES_sideBySideLayout"(
                  items: {
                    #"SYSTEM_SYSRULES_sideBySideItem"(
                      item: #"SYSTEM_SYSRULES_richTextDisplayField"(
                        label: "Rich Text",
                        labelPosition: "COLLAPSED",
                        value: {
                          #"SYSTEM_SYSRULES_richTextIcon"(
                            icon: "sign-out",
                            color: "SECONDARY",
                            size: "MEDIUM"
                          )
                        }
                      ),
                      width: "MINIMIZE"
                    ),
                    #"SYSTEM_SYSRULES_sideBySideItem"(
                      item: #"SYSTEM_SYSRULES_richTextDisplayField"(
                        label: "Rich Text",
                        labelPosition: "COLLAPSED",
                        value: {
                          #"SYSTEM_SYSRULES_richTextItem_v1"(
                            text: {"Ausencias"},
                            style: {
                              "EMPHASIS"
                            }
                          )
                        },
                        align: "LEFT"
                      )
                    )
                  }
                )
              },
                link: #"SYSTEM_SYSRULES_dynamicLink"(),
              style: "STANDARD",
              height: "AUTO",
              marginBelow: "NONE"
            ),
            #"SYSTEM_SYSRULES_cardLayout"(
              contents: {
                #"SYSTEM_SYSRULES_sideBySideLayout"(
                  items: {
                    #"SYSTEM_SYSRULES_sideBySideItem"(
                      item: #"SYSTEM_SYSRULES_richTextDisplayField"(
                        label: "Rich Text",
                        labelPosition: "COLLAPSED",
                        value: {
                          #"SYSTEM_SYSRULES_richTextIcon"(
                            icon: "pencil-square",
                            color: "SECONDARY",
                            size: "MEDIUM"
                          )
                        }
                      ),
                      width: "MINIMIZE"
                    ),
                    #"SYSTEM_SYSRULES_sideBySideItem"(
                      item: #"SYSTEM_SYSRULES_richTextDisplayField"(
                        label: "Rich Text",
                        labelPosition: "COLLAPSED",
                        value: {
                          #"SYSTEM_SYSRULES_richTextItem_v1"(
                            text: {"Notas"},
                            style: {
                              "EMPHASIS"
                            }
                          )
                        },
                        align: "LEFT"
                      )
                    )
                  }
                )
              },
                link: #"SYSTEM_SYSRULES_dynamicLink"(),
              style: "STANDARD",
              height: "AUTO",
              marginBelow: "NONE"
            ),
            #"SYSTEM_SYSRULES_cardLayout"(
              contents: {
                #"SYSTEM_SYSRULES_sideBySideLayout"(
                  items: {
                    #"SYSTEM_SYSRULES_sideBySideItem"(
                      item: #"SYSTEM_SYSRULES_richTextDisplayField"(
                        label: "Rich Text",
                        labelPosition: "COLLAPSED",
                        value: {
                          #"SYSTEM_SYSRULES_richTextIcon"(
                            icon: "inbox",
                            color: "SECONDARY",
                            size: "MEDIUM"
                          )
                        }
                      ),
                      width: "MINIMIZE"
                    ),
                    #"SYSTEM_SYSRULES_sideBySideItem"(
                      item: #"SYSTEM_SYSRULES_richTextDisplayField"(
                        label: "Rich Text",
                        labelPosition: "COLLAPSED",
                        value: {
                          #"SYSTEM_SYSRULES_richTextItem_v1"(
                            text: {"Inbox"},
                            style: {
                              "EMPHASIS"
                            }
                          )
                        },
                        align: "LEFT"
                      )
                    )
                  }
                )
              },
                link: #"SYSTEM_SYSRULES_dynamicLink"(),
              style: "STANDARD",
              height: "AUTO",
              marginBelow: "NONE"
            )
          },
          width: "NARROW"
        ),
        #"SYSTEM_SYSRULES_columnLayout"(
          contents: {
            /* If you haven't clicked on a card, show the search */
            if(
              isnull(local!category),
              {
                /* If you haven't searched, show the cards */
                if(
                  not(local!search),
                  {},
                  {
                    #"SYSTEM_SYSRULES_richTextDisplayField"(
                      labelPosition: "COLLAPSED",
                      value: {
                        #"SYSTEM_SYSRULES_richTextIcon"(
                          icon: "long-arrow-left",
                          link: #"SYSTEM_SYSRULES_dynamicLink"(saveInto: {
                            a!save(local!search, false),
                            a!save(local!searchTerm, ""),
                            a!save(local!category, null)
                          }),
                          linkStyle: "STANDALONE"
                        ),
                        " ",
                        #"SYSTEM_SYSRULES_richTextItem_v1"(
                          text: {"Volver"},
                          link: #"SYSTEM_SYSRULES_dynamicLink"(saveInto: {
                            a!save(local!search, false),
                            a!save(local!searchTerm, ""),
                            a!save(local!category, null)
                          }),
                          linkStyle: "STANDALONE"
                        )
                      }
                    ),
                    #"SYSTEM_SYSRULES_billboardLayout"(
                      backgroundMedia: #"SYSTEM_SYSRULES_documentImage"(
                        document: 70926
                      ),
                      backgroundColor: "#f0f0f0",
                      overlaypositionbar: "MIDDLE",
                      overlaypositioncolumn: "START",
                      overlayStyle: "DARK",
                      overlayContents: {
                        #"SYSTEM_SYSRULES_richTextDisplayField"(
                          label: "Rich Text",
                          labelPosition: "COLLAPSED",
                          value: {
                            #"SYSTEM_SYSRULES_richTextItem_v1"(
                              text: {"GRUPO VILLARRIVE", char(10)},
                              color: "ACCENT",
                              size: "LARGE",
                              style: {
                                "EMPHASIS",
                                "STRONG"
                              }
                            ),
                            #"SYSTEM_SYSRULES_richTextItem_v1"(
                              text: {"G5879524",char(10)},
                              size: "MEDIUM",
                              style: {
                                "EMPHASIS"
                              }
                            )
                              
                          }
                        ),
                        #"SYSTEM_SYSRULES_richTextDisplayField"(
                          label: "Rich Text",
                          labelPosition: "COLLAPSED",
                          value: {},
                          showwhen: local!search
                        ),
                        #"SYSTEM_SYSRULES_richTextDisplayField"(
                          label: "Última gestión",
                          labelPosition: "ADJACENT",
                          value: {
                            #"SYSTEM_SYSRULES_richTextItem_v1"(
                              text: {"Última gestión 12/09/2018 "},
                              style: {
                                "EMPHASIS"
                              }
                            )
                          }
                        ),
                        #"SYSTEM_SYSRULES_richTextDisplayField"(
                          label: "MO",
                          labelPosition: "ADJACENT",
                          value: {
                            #"SYSTEM_SYSRULES_richTextItem_v1"(
                              text: {"MO 157 M "},
                              style: {
                                "EMPHASIS"
                              }
                            )
                          }
                        ),
                        #"SYSTEM_SYSRULES_richTextDisplayField"(
                          label: "Dispuesto",
                          labelPosition: "ADJACENT",
                          value: {
                            #"SYSTEM_SYSRULES_richTextItem_v1"(
                              text: {"Dispuesto 200 M "},
                              style: {
                                "EMPHASIS"
                              }
                            )
                          }
                        ),
                        #"SYSTEM_SYSRULES_richTextDisplayField"(
                          label: "Próximo vencimiento",
                          labelPosition: "ADJACENT",
                          value: {
                            #"SYSTEM_SYSRULES_richTextItem_v1"(
                              text: {"Próx.venc. 15/10/2019 "},
                              style: {
                                "EMPHASIS"
                              }
                            )
                          }
                        ),
                        #"SYSTEM_SYSRULES_richTextDisplayField"(
                          label: "Fact. ",
                          labelPosition: "ADJACENT",
                          value: {
                            #"SYSTEM_SYSRULES_richTextItem_v1"(
                              text: {"Fact. 20MM "},
                              style: {
                                "EMPHASIS"
                              }
                            )
                          }
                        ),
                        #"SYSTEM_SYSRULES_richTextDisplayField"(
                          label: "Comex",
                          labelPosition: "ADJACENT",
                          value: {
                            #"SYSTEM_SYSRULES_richTextItem_v1"(
                              text: {"Comex "},
                              style: {
                                "EMPHASIS"
                              }
                            )
                          }
                        )
                      },
                      height: "MEDIUM",
                      marginBelow: "STANDARD"
                    )
                  }
                )
              },
              {
                #"SYSTEM_SYSRULES_richTextDisplayField"(
                  labelPosition: "COLLAPSED",
                  value: {
                    #"SYSTEM_SYSRULES_richTextItem_v1"(
                      text: {"All Categories"},
                      link: #"SYSTEM_SYSRULES_dynamicLink"(saveInto: {
                        a!save(local!search, false),
                        a!save(local!category, null)
                      })
                    ),
                    " / ",
                    local!category
                  }
                ),
                #"SYSTEM_SYSRULES_richTextDisplayField"(
                  labelPosition: "COLLAPSED",
                  value: {
                    #"SYSTEM_SYSRULES_richTextItem_v1"(
                      text: {local!category &amp; " results would appear here"},
                      style: "EMPHASIS"
                    )
                  },
                  align: "CENTER"
                )
              }
            ),
            #"SYSTEM_SYSRULES_cardLayout"(
              contents: #"SYSTEM_SYSRULES_richTextDisplayField"(
                value: {
                  #"SYSTEM_SYSRULES_richTextIcon"(
                    icon: "money",
                    color: "ACCENT",
                    size: "LARGE"
                  ),
                  char(10),
                  #"SYSTEM_SYSRULES_richTextItem_v1"(
                    text: {"Fondeo y tesorería"},
                    size: "LARGE"
                  ),
                  char(10),
                  #"SYSTEM_SYSRULES_richTextItem_v1"(
                    text: {"Cualquier texto descriptivo"},
                    style: "EMPHASIS"
                  )
                },
                align: "CENTER"
              ),
              /* Setting this variable would be used to navigate to a category of answers */
              link: #"SYSTEM_SYSRULES_dynamicLink"(saveInto: a!save(local!category, "Finance")),
              showWhen: and(isnull(local!category), not(local!search)),
              height: "AUTO",
              marginBelow: "STANDARD"
            ),
            #"SYSTEM_SYSRULES_cardLayout"(
              contents: #"SYSTEM_SYSRULES_richTextDisplayField"(
                value: {
                  #"SYSTEM_SYSRULES_richTextIcon"(
                    icon: "usd",
                    color: "ACCENT",
                    size: "LARGE"
                  ),
                  char(10),
                  #"SYSTEM_SYSRULES_richTextItem_v1"(
                    text: {"Estudio de viabilidad"},
                    size: "LARGE"
                  ),
                  char(10),
                  #"SYSTEM_SYSRULES_richTextItem_v1"(
                    text: {"Cualquier texto descriptivo"},
                    style: "EMPHASIS"
                  )
                },
                align: "CENTER"
              ),
              /* Setting this variable would be used to navigate to a category of answers */
              link: #"SYSTEM_SYSRULES_dynamicLink"(saveInto: a!save(local!category, "Expenses")),
              showWhen: showWhen: and(isnull(local!category), not(local!search)),
              height: "AUTO",
              marginBelow: "STANDARD"
            )
          },
          width: "AUTO"
        ),
        #"SYSTEM_SYSRULES_columnLayout"(
          contents: {
            #"SYSTEM_SYSRULES_richTextDisplayField"(
              label: "Rich Text",
              labelPosition: "COLLAPSED",
              value: {},
              showwhen: local!search
            ),
            #"SYSTEM_SYSRULES_richTextDisplayField"(
              label: "Rich Text",
              labelPosition: "COLLAPSED",
              value: {},
              showwhen: local!search
            ),
            #"SYSTEM_SYSRULES_richTextDisplayField"(
              label: "Rich Text",
              labelPosition: "COLLAPSED",
              value: {},
              showwhen: local!search
            ),
            #"SYSTEM_SYSRULES_boxLayout"(
              label: "Alertas",
              contents: {
                #"SYSTEM_SYSRULES_richTextDisplayField"(
                  label: "Rich Text",
                  labelPosition: "COLLAPSED",
                  value: {
                    #"SYSTEM_SYSRULES_richTextIcon"(
                      icon: "check-square-o",
                      color: "POSITIVE"
                    ),
                    #"SYSTEM_SYSRULES_richTextItem_v1"(
                      text: {"El cliente ha enviado un documento"},
                      color: "POSITIVE",
                      style: {
                        "EMPHASIS"
                      }
                    )
                  }
                ),
                #"SYSTEM_SYSRULES_richTextDisplayField"(
                  label: "Rich Text",
                  labelPosition: "COLLAPSED",
                  value: {
                    #"SYSTEM_SYSRULES_richTextIcon"(
                      icon: "square-o",
                      color: "STANDARD"
                    ),
                    #"SYSTEM_SYSRULES_richTextItem_v1"(
                      text: {"Revisar próximo vencimiento  "},
                      color: "STANDARD",
                      style: {
                        "EMPHASIS"
                      }
                    ),
                    #"SYSTEM_SYSRULES_richTextIcon"(
                      icon: "exclamation-triangle",
                      color: "NEGATIVE"
                    )
                  }
                ),
                #"SYSTEM_SYSRULES_richTextDisplayField"(
                  label: "Rich Text",
                  labelPosition: "COLLAPSED",
                  value: {
                    #"SYSTEM_SYSRULES_richTextIcon"(
                      icon: "square-o",
                      color: "STANDARD"
                    ),
                    #"SYSTEM_SYSRULES_richTextItem_v1"(
                      text: {"Enviar contrato al cliente  "},
                      color: "STANDARD",
                      style: {
                        "EMPHASIS"
                      }
                    )
                  }
                ),
                #"SYSTEM_SYSRULES_richTextDisplayField"(
                  label: "Rich Text",
                  labelPosition: "COLLAPSED",
                  value: {
                    #"SYSTEM_SYSRULES_richTextIcon"(
                      icon: "times",
                      color: "NEGATIVE"
                    ),
                    #"SYSTEM_SYSRULES_richTextItem_v1"(
                      text: {"No se ha conseguido hacer algo  "},
                      color: "NEGATIVE",
                      style: {
                        "EMPHASIS"
                      }
                    )
                  }
                )
              },
              showwhen: local!search,
              style: "ACCENT",
              marginBelow: "STANDARD"
            ),
            #"SYSTEM_SYSRULES_cardLayout"(
              contents: #"SYSTEM_SYSRULES_richTextDisplayField"(
                value: {
                  #"SYSTEM_SYSRULES_richTextIcon"(
                    icon: "pencil-square-o",
                    color: "ACCENT",
                    size: "LARGE"
                  ),
                  char(10),
                  #"SYSTEM_SYSRULES_richTextItem_v1"(
                    text: {"Entrar"},
                    size: "LARGE"
                  ),
                  char(10),
                  #"SYSTEM_SYSRULES_richTextItem_v1"(
                    text: {"Realizar gestiones para el cliente."},
                    style: "EMPHASIS"
                  )
                },
                align: "CENTER"
              ),
              /* Setting this variable would be used to navigate to a category of answers */
              link: #"SYSTEM_SYSRULES_dynamicLink"(),
              showWhen: local!search,
              style: "ACCENT",
              height: "AUTO",
              marginBelow: "STANDARD"
            ),
            #"SYSTEM_SYSRULES_cardLayout"(
              contents: #"SYSTEM_SYSRULES_richTextDisplayField"(
                value: {
                  #"SYSTEM_SYSRULES_richTextIcon"(
                    icon: "line-chart",
                    color: "ACCENT",
                    size: "LARGE"
                  ),
                  char(10),
                  #"SYSTEM_SYSRULES_richTextItem_v1"(
                    text: {"Formatos"},
                    size: "LARGE"
                  ),
                  char(10),
                  #"SYSTEM_SYSRULES_richTextItem_v1"(
                    text: {"Cualquier texto descriptivo"},
                    style: "EMPHASIS"
                  )
                },
                align: "CENTER"
              ),
              /* Setting this variable would be used to navigate to a category of answers */
              link: #"SYSTEM_SYSRULES_dynamicLink"(saveInto: a!save(local!category, "Office")),
              showWhen:and(isnull(local!category), not(local!search)),
              height: "AUTO",
              marginBelow: "STANDARD"
            ),
            #"SYSTEM_SYSRULES_cardLayout"(
              contents: #"SYSTEM_SYSRULES_richTextDisplayField"(
                value: {
                  #"SYSTEM_SYSRULES_richTextIcon"(
                    icon: "laptop",
                    color: "ACCENT",
                    size: "LARGE"
                  ),
                  char(10),
                  #"SYSTEM_SYSRULES_richTextItem_v1"(
                    text: {"Calculadora"},
                    size: "LARGE"
                  ),
                  char(10),
                  #"SYSTEM_SYSRULES_richTextItem_v1"(
                    text: {"Cualquier texto descriptivo"},
                    style: "EMPHASIS"
                  )
                },
                align: "CENTER"
              ),
              /* Setting this variable would be used to navigate to a category of answers */
              link: #"SYSTEM_SYSRULES_dynamicLink"(saveInto: a!save(local!category, "IT")),
              showWhen: showWhen: and(isnull(local!category), not(local!search)),
              height: "AUTO",
              marginBelow: "STANDARD"
            )
          }
        )
      }
    ),
    #"SYSTEM_SYSRULES_richTextDisplayField"(
      label: "Rich Text",
      labelPosition: "COLLAPSED",
      value: {}
    ),
    #"SYSTEM_SYSRULES_richTextDisplayField"(
      label: "Rich Text",
      labelPosition: "COLLAPSED",
      value: {}
    ),
    #"SYSTEM_SYSRULES_richTextDisplayField"(
      label: "Rich Text",
      labelPosition: "COLLAPSED",
      value: {}
    ),
    #"SYSTEM_SYSRULES_sectionLayout_v1"(
      label: "",
      contents: {
        #"SYSTEM_SYSRULES_sideBySideLayout"(
          items: {
            #"SYSTEM_SYSRULES_sideBySideItem"(
              item: #"SYSTEM_SYSRULES_richTextDisplayField"(
                label: "Rich Text",
                labelPosition: "COLLAPSED",
                value: {
                  #"SYSTEM_SYSRULES_richTextItem_v1"(
                    text: {"EURO STOXX 50 PR  "},
                    style: {
                      "EMPHASIS",
                      "STRONG"
                    }
                  ),
                  #"SYSTEM_SYSRULES_richTextItem_v1"(
                    text: {"3311.66  "},
                    style: {
                      "EMPHASIS"
                    }
                  ),
                  #"SYSTEM_SYSRULES_richTextIcon"(
                    icon: "chevron-up",
                    color: "POSITIVE",
                    size: "MEDIUM"
                  ),
                  #"SYSTEM_SYSRULES_richTextItem_v1"(
                    text: {" +2.380"},
                    color: "POSITIVE",
                    style: {
                      "EMPHASIS",
                      "STRONG"
                    }
                  ),
                  #"SYSTEM_SYSRULES_richTextItem_v1"(
                    text: {" +0.07%"},
                    color: "POSITIVE",
                    style: {
                      "EMPHASIS",
                      "STRONG"
                    }
                  )
                }
              )
            ),
            #"SYSTEM_SYSRULES_sideBySideItem"(
              item: #"SYSTEM_SYSRULES_richTextDisplayField"(
                label: "Rich Text",
                labelPosition: "COLLAPSED",
                value: {
                  #"SYSTEM_SYSRULES_richTextItem_v1"(
                    text: {"FTSE 100  "},
                    style: {
                      "EMPHASIS",
                      "STRONG"
                    }
                  ),
                  #"SYSTEM_SYSRULES_richTextItem_v1"(
                    text: {"7273.54  "},
                    style: {
                      "EMPHASIS"
                    }
                  ),
                  #"SYSTEM_SYSRULES_richTextIcon"(
                    icon: "chevron-down",
                    color: "NEGATIVE",
                    size: "MEDIUM"
                  ),
                  #"SYSTEM_SYSRULES_richTextItem_v1"(
                    text: {" -5.678"},
                    color: "NEGATIVE",
                    style: {
                      "EMPHASIS",
                      "STRONG"
                    }
                  ),
                  #"SYSTEM_SYSRULES_richTextItem_v1"(
                    text: {" +0.08%"},
                    color: "NEGATIVE",
                    style: {
                      "EMPHASIS",
                      "STRONG"
                    }
                  )
                }
              )
            ),
            #"SYSTEM_SYSRULES_sideBySideItem"(
              item: #"SYSTEM_SYSRULES_richTextDisplayField"(
                label: "Rich Text",
                labelPosition: "COLLAPSED",
                value: {
                  #"SYSTEM_SYSRULES_richTextItem_v1"(
                    text: {"DAX INDEX  "},
                    style: {
                      "EMPHASIS",
                      "STRONG"
                    }
                  ),
                  #"SYSTEM_SYSRULES_richTextItem_v1"(
                    text: {"11983.66  "},
                    style: {
                      "EMPHASIS"
                    }
                  ),
                  #"SYSTEM_SYSRULES_richTextIcon"(
                    icon: "chevron-down",
                    color: "NEGATIVE",
                    size: "MEDIUM"
                  ),
                  #"SYSTEM_SYSRULES_richTextItem_v1"(
                    text: {" -22"},
                    color: "NEGATIVE",
                    style: {
                      "EMPHASIS",
                      "STRONG"
                    }
                  ),
                  #"SYSTEM_SYSRULES_richTextItem_v1"(
                    text: {" -0.08%"},
                    color: "NEGATIVE",
                    style: {
                      "EMPHASIS",
                      "STRONG"
                    }
                  )
                }
              )
            ),
            #"SYSTEM_SYSRULES_sideBySideItem"(
              item: #"SYSTEM_SYSRULES_richTextDisplayField"(
                label: "Rich Text",
                labelPosition: "COLLAPSED",
                value: {
                  #"SYSTEM_SYSRULES_richTextItem_v1"(
                    text: {"NASDAQ 100  "},
                    style: {
                      "EMPHASIS",
                      "STRONG"
                    }
                  ),
                  #"SYSTEM_SYSRULES_richTextItem_v1"(
                    text: {"7434.90  "},
                    style: {
                      "EMPHASIS"
                    }
                  ),
                  #"SYSTEM_SYSRULES_richTextIcon"(
                    icon: "chevron-down",
                    color: "NEGATIVE",
                    size: "MEDIUM"
                  ),
                  #"SYSTEM_SYSRULES_richTextItem_v1"(
                    text: {" -110.77"},
                    color: "NEGATIVE",
                    style: {
                      "EMPHASIS",
                      "STRONG"
                    }
                  ),
                  #"SYSTEM_SYSRULES_richTextItem_v1"(
                    text: {" -1.47%"},
                    color: "NEGATIVE",
                    style: {
                      "EMPHASIS",
                      "STRONG"
                    }
                  )
                }
              )
            )
          }
        )
      },
      divider: "ABOVE"
    )
  }
)</definition>
        <metadataExpr></metadataExpr>
        <preferredEditor>interface</preferredEditor>
        <offlineEnabled>false</offlineEnabled>
    </rule>
    <roleMap public="true">
        <role inherit="true" allowForAll="false" name="readers">
            <users/>
            <groups/>
        </role>
        <role inherit="true" allowForAll="false" name="authors">
            <users/>
            <groups/>
        </role>
        <role inherit="true" allowForAll="false" name="administrators">
            <users/>
            <groups/>
        </role>
        <role inherit="false" allowForAll="false" name="denyReaders">
            <users/>
            <groups/>
        </role>
        <role inherit="false" allowForAll="false" name="denyAuthors">
            <users/>
            <groups/>
        </role>
        <role inherit="false" allowForAll="false" name="denyAdministrators">
            <users/>
            <groups/>
        </role>
    </roleMap>
    <history>
        <historyInfo versionUuid="_a-0000e141-8c60-8000-9ba2-011c48011c48_993081"/>
    </history>
</contentHaul>
