<?xml version="1.0" encoding="UTF-8" standalone="yes"?>
<contentHaul xmlns:a="http://www.appian.com/ae/types/2009">
    <versionUuid>_a-0000e0ef-20d6-8000-9ba2-011c48011c48_905166</versionUuid>
    <rule>
        <name>adfs</name>
        <uuid>_a-0000e0ef-20d6-8000-9ba2-011c48011c48_905107</uuid>
        <description></description>
        <parentUuid>_a-0000e075-f2c0-8000-9ba2-011c48011c48_584947</parentUuid>
        <visibility>
            <advertise>false</advertise>
            <hierarchy>true</hierarchy>
            <indexable>true</indexable>
            <quota>false</quota>
            <searchable>true</searchable>
            <system>false</system>
            <unlogged>false</unlogged>
        </visibility>
        <definition>#"SYSTEM_SYSRULES_formLayout_v1"(
  label: "Form",
  contents: {
    #"SYSTEM_SYSRULES_textField"(
      label: "Text",
      labelPosition: "ABOVE",
      saveInto: {},
      refreshAfter: "UNFOCUS",
      required: true,
      /*validationGroup: "a",*/
      validations: {}

    )
  },
  buttons: #"SYSTEM_SYSRULES_ButtonLayout"(
    primaryButtons: {
      #"SYSTEM_SYSRULES_ButtonWidgetSubmit"(
        label: "Submit",
        style: "PRIMARY",
        validationGroup: "a"
      )
    },
    secondaryButtons: {
      #"SYSTEM_SYSRULES_ButtonWidgetSubmit"(
        label: "Submit Button",
        saveInto: {},
        style: "DESTRUCTIVE",
        skipvalidation: true
      )
    }
  )
)</definition>
        <metadataExpr></metadataExpr>
        <preferredEditor>interface</preferredEditor>
        <offlineEnabled>false</offlineEnabled>
    </rule>
    <roleMap public="true">
        <role inherit="true" allowForAll="false" name="readers">
            <users/>
            <groups/>
        </role>
        <role inherit="true" allowForAll="false" name="authors">
            <users/>
            <groups/>
        </role>
        <role inherit="true" allowForAll="false" name="administrators">
            <users/>
            <groups/>
        </role>
        <role inherit="false" allowForAll="false" name="denyReaders">
            <users/>
            <groups/>
        </role>
        <role inherit="false" allowForAll="false" name="denyAuthors">
            <users/>
            <groups/>
        </role>
        <role inherit="false" allowForAll="false" name="denyAdministrators">
            <users/>
            <groups/>
        </role>
    </roleMap>
    <history>
        <historyInfo versionUuid="_a-0000e0ef-20d6-8000-9ba2-011c48011c48_905166"/>
    </history>
</contentHaul>
