<?xml version="1.0" encoding="UTF-8" standalone="yes"?>
<contentHaul xmlns:a="http://www.appian.com/ae/types/2009">
    <versionUuid>_a-0000e1b1-9250-8000-9ba2-011c48011c48_1020065</versionUuid>
    <rule>
        <name>gridExample</name>
        <uuid>_a-0000e1b1-9250-8000-9ba2-011c48011c48_1020056</uuid>
        <description></description>
        <parentUuid>_a-0000e075-f2c0-8000-9ba2-011c48011c48_584947</parentUuid>
        <visibility>
            <advertise>false</advertise>
            <hierarchy>true</hierarchy>
            <indexable>true</indexable>
            <quota>false</quota>
            <searchable>true</searchable>
            <system>false</system>
            <unlogged>false</unlogged>
        </visibility>
        <definition>=load(
  /*  
  * local!employees is provided in this recipe as a way to start with hard-coded
  * data. However, this data is identical to the data created from the entity-backed
  * tutorial. Replace the hard-coded data with a query to the employee data store
  * entity and all of the employee records from the tutorial will appear.
  *
  * To replace this data with your own, replace (ctrl+H or cmd+H) all references to
  * local!employees with your data source, either via rule input or local variable.
  */
  local!employees: {
      { id: 1, firstName: "John" , lastName: "Smith" , department: "Engineering" , title: "Director" , phoneNumber: "555-123-4567" , startDate: today()-360 },
      { id: 2, firstName: "Michael" , lastName: "Johnson" , department: "Finance" , title: "Analyst" , phoneNumber: "555-987-6543" , startDate: today()-360 },
      { id: 3, firstName: "Mary", lastName: "Reed" , department: "Engineering" , title: "Software Engineer" , phoneNumber: "555-456-0123" , startDate: today()-240 },
  },
  #"SYSTEM_SYSRULES_formLayout_v1"(
    label: "Add or Update Employee Data",
    instructions: "Add, edit, or remove Employee data in an inline editable grid",
    contents: {
      #"SYSTEM_SYSRULES_gridLayout"(
        totalCount: count(local!employees),
        headerCells: {
          #"SYSTEM_SYSRULES_gridLayoutHeaderCell"(label: "First Name" ),
          #"SYSTEM_SYSRULES_gridLayoutHeaderCell"(label: "Icono" ),
          /* For the "Remove" column */
          #"SYSTEM_SYSRULES_gridLayoutHeaderCell"(label: "" )
        },
        /* Only needed when some columns need to be narrow */
        columnConfigs: {
          #"SYSTEM_SYSRULES_gridLayoutColumnConfig"(width: "ICON"),
          #"SYSTEM_SYSRULES_gridLayoutColumnConfig"(width: "DISTRIBUTE", weight:3 ),
          #"SYSTEM_SYSRULES_gridLayoutColumnConfig"(width: "ICON")
        },
        /*
        * a!forEach() will take local!employee data and used that data to loop through an
        * expression that creates each row.
        *
        * When modifying the recipe to work with your data, you only need to change:
        * 1.) the number of fields in each row
        * 2.) the types of fields for each column (i.e. a!textField() for text data elements)
        * 3.) the fv!item elements. For example fv!item.firstName would change to fv!item.yourdata
        */
        rows: #"SYSTEM_SYSRULES_forEach"(
          items: local!employees,
          expression: #"SYSTEM_SYSRULES_gridRowLayout"(
            contents: {
              /* For the First Name Column*/
              #"SYSTEM_SYSRULES_richTextDisplayField"(
                /* Labels are not visible in grid cells but are necessary to meet accessibility requirements */
                label: "first name " &amp; fv!index,
                value: fv!item.firstName,
                saveInto: fv!item.firstName,
                required: true
              ),
              /* For the Last Name Column*/
              #"SYSTEM_SYSRULES_richTextDisplayField"(
                label: "last name " &amp; fv!index,
                value: {
                  #"SYSTEM_SYSRULES_richTextItem_v1"(
                    text: #"SYSTEM_SYSRULES_richTextIcon"(
                      icon: if(mod(fv!index,2),"book","check-square-o"),
                      size: "LARGE",
                      color: if(mod(fv!index,2),"#bb0000","#00aa00")
                    )
                  )
                },
                saveInto: fv!item.lastName,
                required:true
              ),

              /* For the Removal Column*/
              #"SYSTEM_SYSRULES_imageField_v1"(
                label: "delete " &amp; fv!index,
                images: #"SYSTEM_SYSRULES_documentImage"(
                  document: #"SYSTEM_SYSRULES_iconIndicator"("REMOVE"),
                  altText: "Remove Employee",
                  caption: "Remove " &amp; fv!item.firstName &amp; " " &amp; fv!item.lastName,
                  link: #"SYSTEM_SYSRULES_dynamicLink"(
                    value: fv!index,
                    saveInto: {
                      a!save(local!employees, remove(local!employees, save!value))
                    }
                  )
                ),
                size: "ICON"
              )
            },
            id: fv!index
          )
        ),
        addRowlink: #"SYSTEM_SYSRULES_dynamicLink"(
          label: "Add Employee",
          /*
           * For your use case, set the value to a blank instance of your CDT using
           * the type constructor, e.g. type!Employee(). Only specify the field
           * if you want to give it a default value e.g. startDate: today()+1.
           */
          value: {startDate: today() + 1},
          saveInto: {
            a!save(local!employees, append(local!employees, save!value))
          }
        ),
        /* This validation prevents existing employee start date from changing to a date in the future*/
        validations: if(
          #"SYSTEM_SYSRULES_forEach"(
            items: local!employees,
            expression: and( not( isnull( fv!item.id)), todate(fv!item.startDate) &gt; today() )
          ),
          "Existing Employees cannot have an effective start date beyond today",
          null
        ),
        rowHeader: 1
      )
    },
    buttons: #"SYSTEM_SYSRULES_ButtonLayout"(
      primaryButtons: #"SYSTEM_SYSRULES_ButtonWidget"(
        label: "Submit",
        submit: true
      )
    )
  )
)</definition>
        <metadataExpr></metadataExpr>
        <preferredEditor>interface</preferredEditor>
        <offlineEnabled>false</offlineEnabled>
    </rule>
    <roleMap public="true">
        <role inherit="true" allowForAll="false" name="readers">
            <users/>
            <groups/>
        </role>
        <role inherit="true" allowForAll="false" name="authors">
            <users/>
            <groups/>
        </role>
        <role inherit="true" allowForAll="false" name="administrators">
            <users/>
            <groups/>
        </role>
        <role inherit="false" allowForAll="false" name="denyReaders">
            <users/>
            <groups/>
        </role>
        <role inherit="false" allowForAll="false" name="denyAuthors">
            <users/>
            <groups/>
        </role>
        <role inherit="false" allowForAll="false" name="denyAdministrators">
            <users/>
            <groups/>
        </role>
    </roleMap>
    <history>
        <historyInfo versionUuid="_a-0000e1b1-9250-8000-9ba2-011c48011c48_1020065"/>
    </history>
</contentHaul>
