<?xml version="1.0" encoding="UTF-8" standalone="yes"?>
<contentHaul xmlns:a="http://www.appian.com/ae/types/2009">
    <versionUuid>_a-0000dfcd-5b9f-8000-9ba2-011c48011c48_292328</versionUuid>
    <communityKnowledgeCenter>
        <name>AF Knowledge Center</name>
        <uuid>_a-0000dd0d-462c-8000-9ba2-011c48011c48_4038</uuid>
        <description>Root KC for Acceleration Frameworks</description>
        <parentUuid>_a-0000dd0d-462c-8000-9ba2-011c48011c48_4037</parentUuid>
        <visibility>
            <advertise>true</advertise>
            <hierarchy>true</hierarchy>
            <indexable>true</indexable>
            <quota>false</quota>
            <searchable>true</searchable>
            <system>false</system>
            <unlogged>false</unlogged>
        </visibility>
        <expirationDays>0</expirationDays>
    </communityKnowledgeCenter>
    <roleMap public="true">
        <role inherit="false" allowForAll="true" name="readers">
            <users/>
            <groups/>
        </role>
        <role inherit="false" allowForAll="false" name="authors">
            <users/>
            <groups>
                <groupUuid>_e-0000dd29-17a1-8000-9aee-01075c01075c_98</groupUuid>
            </groups>
        </role>
        <role inherit="true" allowForAll="false" name="administrators">
            <users/>
            <groups/>
        </role>
        <role inherit="false" allowForAll="false" name="denyReaders">
            <users/>
            <groups/>
        </role>
        <role inherit="false" allowForAll="false" name="denyAuthors">
            <users/>
            <groups/>
        </role>
        <role inherit="false" allowForAll="false" name="denyAdministrators">
            <users/>
            <groups/>
        </role>
    </roleMap>
    <history>
        <historyInfo versionUuid="_a-0000dfcd-5b9f-8000-9ba2-011c48011c48_292328"/>
    </history>
</contentHaul>
