<?xml version="1.0" encoding="UTF-8" standalone="yes"?>
<contentHaul xmlns:a="http://www.appian.com/ae/types/2009">
    <versionUuid>_a-0000e075-f2c0-8000-9ba2-011c48011c48_585543</versionUuid>
    <rule>
        <name>BandejaEntrada</name>
        <uuid>_a-0000e075-f2c0-8000-9ba2-011c48011c48_584952</uuid>
        <description></description>
        <parentUuid>_a-0000e075-f2c0-8000-9ba2-011c48011c48_584947</parentUuid>
        <visibility>
            <advertise>false</advertise>
            <hierarchy>true</hierarchy>
            <indexable>true</indexable>
            <quota>false</quota>
            <searchable>true</searchable>
            <system>false</system>
            <unlogged>false</unlogged>
        </visibility>
        <definition>load(
  local!usersAvailable: {true,false,true},
  local!users: {touser("ramon.riquelme@appian.com"),touser("leandro.bonilla@appian.com"), touser("petri.hilden@appian.com")},
  {
    #"SYSTEM_SYSRULES_billboardLayout"(
      overlayContents: {
        #"SYSTEM_SYSRULES_richTextDisplayField"(
          value: {
            #"SYSTEM_SYSRULES_richTextIcon"(
              icon: "file-text-o",
              size: "LARGE"
            ),
            #"SYSTEM_SYSRULES_richTextItem"(text: #"SYSTEM_SYSRULES_richTextItem"(text: " Lista de tareas"), style: "LARGE")
          }
        ),
        #"SYSTEM_SYSRULES_richTextDisplayField"(
          value: {
            #"SYSTEM_SYSRULES_richTextItem"(text: #"SYSTEM_SYSRULES_richTextItem"(text: " Listado ("&amp;50&amp;" resultados) No hay más registros - Hay casos bloquados por el usuario"), style: "MEDIUM")
          }
        ),
        #"SYSTEM_SYSRULES_milestoneField"(steps: {"",""}),
        #"SYSTEM_SYSRULES_sideBySideLayout"(
          items: {
            #"SYSTEM_SYSRULES_sideBySideItem"(item: #"SYSTEM_SYSRULES_richTextDisplayField"(value: #"SYSTEM_SYSRULES_richTextItem"(text: "CASO", style: "STRONG")),width: "MINIMIZE"),
            #"SYSTEM_SYSRULES_sideBySideItem"(item: #"SYSTEM_SYSRULES_richTextDisplayField"(value: #"SYSTEM_SYSRULES_richTextItem"(text: "FECHA CREACIÓN", style: "STRONG")),width: "10X"),
            #"SYSTEM_SYSRULES_sideBySideItem"(item: #"SYSTEM_SYSRULES_richTextDisplayField"(value: #"SYSTEM_SYSRULES_richTextItem"(text: "PROCESO", style: "STRONG")),width: "5X"),
            #"SYSTEM_SYSRULES_sideBySideItem"(item: #"SYSTEM_SYSRULES_richTextDisplayField"(value: #"SYSTEM_SYSRULES_richTextItem"(text: "TAREA", style: "STRONG")),width: "10X"),
            #"SYSTEM_SYSRULES_sideBySideItem"(item: #"SYSTEM_SYSRULES_richTextDisplayField"(value: #"SYSTEM_SYSRULES_richTextItem"(text: "TIPO DE SOLICITUD", style: "STRONG")),width: "10X"),
            #"SYSTEM_SYSRULES_sideBySideItem"(item: #"SYSTEM_SYSRULES_richTextDisplayField"(value: #"SYSTEM_SYSRULES_richTextItem"(text: "FECHA DE SLA", style: "STRONG")),width: "10X"),
            #"SYSTEM_SYSRULES_sideBySideItem"(item: #"SYSTEM_SYSRULES_richTextDisplayField"(value: #"SYSTEM_SYSRULES_richTextItem"(text: "USUARIO", style: "STRONG")),width: "9X")
          }
        )
      },
      height: "SHORT"
    ),
    #"SYSTEM_SYSRULES_gridLayout"(
      label: "",
      labelPosition: "COLLAPSED",
      headerCells: {
        #"SYSTEM_SYSRULES_gridLayoutHeaderCell"(label: ""),
        #"SYSTEM_SYSRULES_gridLayoutHeaderCell"(label: ""),
        #"SYSTEM_SYSRULES_gridLayoutHeaderCell"(label: ""),
        #"SYSTEM_SYSRULES_gridLayoutHeaderCell"(label: ""),
        #"SYSTEM_SYSRULES_gridLayoutHeaderCell"(label: ""),
        #"SYSTEM_SYSRULES_gridLayoutHeaderCell"(label: ""),
        #"SYSTEM_SYSRULES_gridLayoutHeaderCell"(label: "")
/*        a!gridLayoutHeaderCell(label: "CASO"),
        a!gridLayoutHeaderCell(label: "FECHA CREACIÓN"),
        a!gridLayoutHeaderCell(label: "PROCESO"),
        a!gridLayoutHeaderCell(label: "TAREA"),
        a!gridLayoutHeaderCell(label: "TIPO SOLICITUD"),
        a!gridLayoutHeaderCell(label: "FECHA SLA"),
        a!gridLayoutHeaderCell(label: "USUARIO")*/
      },
      columnConfigs: {
        #"SYSTEM_SYSRULES_gridLayoutColumnConfig"(width: "NARROW"),
        #"SYSTEM_SYSRULES_gridLayoutColumnConfig"(width: "DISTRIBUTE"),
        #"SYSTEM_SYSRULES_gridLayoutColumnConfig"(width: "NARROW"),
        #"SYSTEM_SYSRULES_gridLayoutColumnConfig"(width: "DISTRIBUTE"),
        #"SYSTEM_SYSRULES_gridLayoutColumnConfig"(width: "DISTRIBUTE"),
        #"SYSTEM_SYSRULES_gridLayoutColumnConfig"(width: "DISTRIBUTE"),
        #"SYSTEM_SYSRULES_gridLayoutColumnConfig"(width: "DISTRIBUTE")
      },
      rows: {
        #"SYSTEM_SYSRULES_forEach"(
          enumerate(10)+1,
          {
            #"SYSTEM_SYSRULES_gridRowLayout"(
              contents: {
                #"SYSTEM_SYSRULES_richTextDisplayField"(value: #"SYSTEM_SYSRULES_richTextItem"(text: fv!index+764330,
  link: #"SYSTEM_SYSRULES_dynamicLink"(
    label: "Dynamic Link",
    saveInto: {}
  ),
  linkstyle: "STANDALONE")),
                #"SYSTEM_SYSRULES_richTextDisplayField"(value: #"SYSTEM_SYSRULES_richTextItem"(text: text(now()-30+fv!index,"dd/mm/yyyy hh:mm"))),
                #"SYSTEM_SYSRULES_richTextDisplayField"(value: #"SYSTEM_SYSRULES_richTextItem"(text: "Confirming")),
                #"SYSTEM_SYSRULES_richTextDisplayField"(value: #"SYSTEM_SYSRULES_richTextItem"(text: "Ejecución")),
                #"SYSTEM_SYSRULES_richTextDisplayField"(value: #"SYSTEM_SYSRULES_richTextItem"(text: if(rand()&gt;0.5,"Anticipo Puntual","Activación de contrato"))),
                #"SYSTEM_SYSRULES_richTextDisplayField"(value: #"SYSTEM_SYSRULES_richTextItem"(text: text(now()-30+fv!index,"dd/mm/yyyy hh:mm"))),
                #"SYSTEM_SYSRULES_richTextDisplayField"(value: {#"SYSTEM_SYSRULES_richTextIcon"(
  icon: "flag",
  color: "#ec0000",
  size: "MEDIUM"
),if(fv!isFirst,#"SYSTEM_SYSRULES_richTextItem"(text: "   x123456   "),#"SYSTEM_SYSRULES_richTextItem"(text: "   --")),if(fv!isFirst,#"SYSTEM_SYSRULES_richTextIcon"(
  icon: "circle",
  color: "POSITIVE",
  size: "MEDIUM"
),{})})
              }
            )
          }
        )
        
      }
    ),
    #"SYSTEM_SYSRULES_columnsLayout"(
      columns: {
        #"SYSTEM_SYSRULES_columnLayout"(
          contents: {
            #"SYSTEM_SYSRULES_billboardLayout"(backgroundColor: "#ff9999",overlayStyle: "NONE")
          },
          width: "NARROW"
        ),
        #"SYSTEM_SYSRULES_columnLayout"(
          contents: {
            #"SYSTEM_SYSRULES_billboardLayout"(backgroundColor: "#99ff99",overlayStyle: "NONE")
          }
        ),
        #"SYSTEM_SYSRULES_columnLayout"(
          contents: {
            #"SYSTEM_SYSRULES_billboardLayout"(backgroundColor: "#9999ff",overlayStyle: "NONE")
          },
          width: "NARROW"
        )
      }
    ),
    #"SYSTEM_SYSRULES_sideBySideLayout"(
      items: {
        #"SYSTEM_SYSRULES_sideBySideItem"(
          item: #"SYSTEM_SYSRULES_textField"(),
          width: "1X"
        ),
        #"SYSTEM_SYSRULES_sideBySideItem"(
          item: #"SYSTEM_SYSRULES_textField"(),
          width: "10X"
        ),
        #"SYSTEM_SYSRULES_sideBySideItem"(
          item: #"SYSTEM_SYSRULES_textField"(),
          width: "10X"
        )
      }
    )
  }
)</definition>
        <metadataExpr></metadataExpr>
        <preferredEditor>interface</preferredEditor>
        <offlineEnabled>false</offlineEnabled>
    </rule>
    <roleMap public="true">
        <role inherit="true" allowForAll="false" name="readers">
            <users/>
            <groups/>
        </role>
        <role inherit="true" allowForAll="false" name="authors">
            <users/>
            <groups/>
        </role>
        <role inherit="true" allowForAll="false" name="administrators">
            <users/>
            <groups/>
        </role>
        <role inherit="false" allowForAll="false" name="denyReaders">
            <users/>
            <groups/>
        </role>
        <role inherit="false" allowForAll="false" name="denyAuthors">
            <users/>
            <groups/>
        </role>
        <role inherit="false" allowForAll="false" name="denyAdministrators">
            <users/>
            <groups/>
        </role>
    </roleMap>
    <history>
        <historyInfo versionUuid="_a-0000e075-f2c0-8000-9ba2-011c48011c48_585543"/>
    </history>
</contentHaul>
