<?xml version="1.0" encoding="UTF-8" standalone="yes"?>
<tempoReportHaul xmlns:a="http://www.appian.com/ae/types/2009">
    <versionUuid>ac245a1f-e450-4093-89e7-4c4f4ac7270e</versionUuid>
    <tempoReport a:uuid="c84fe21b-08aa-4854-a97e-c5a6a6764833" name="Application Deployments">
        <a:description>Report containing information and metrics on Application Deployments</a:description>
        <a:uiExpr>=#"_a-0000e442-b8c9-8000-02fa-48ef9048ef90_7344"()</a:uiExpr>
        <a:urlStub>Q_qAAA</a:urlStub>
    </tempoReport>
    <roleMap>
        <role name="report_administrator">
            <users/>
            <groups>
                <groupUuid>_e-0000e442-b8c9-8000-02fa-481e94481e94_28</groupUuid>
            </groups>
        </role>
        <role name="report_viewer">
            <users/>
            <groups>
                <groupUuid>_e-0000e442-b8c9-8000-02fa-481e94481e94_30</groupUuid>
            </groups>
        </role>
    </roleMap>
    <history>
        <historyInfo versionUuid="ac245a1f-e450-4093-89e7-4c4f4ac7270e"/>
    </history>
</tempoReportHaul>
