<?xml version="1.0" encoding="UTF-8" standalone="yes"?>
<groupHaul xmlns:a="http://www.appian.com/ae/types/2009">
    <versionUuid>_e-0000e442-b8c9-8000-02fa-481e94481e94_31</versionUuid>
    <group>
        <name>LMB_Application Deployments Users</name>
        <securityMap>SECURITYMAP_TEAM</securityMap>
        <uuid>_e-0000e442-b8c9-8000-02fa-481e94481e94_30</uuid>
        <groupTypeUuid>SYSTEM_GROUP_TYPE_CUSTOM</groupTypeUuid>
        <description>Group that all LMB_Application Deployments activity is secured to</description>
        <delegatedCreation>false</delegatedCreation>
        <memberPolicy>MEMBERPOLICY_CLOSED</memberPolicy>
        <viewingPolicy>VIEWINGPOLICY_LOW</viewingPolicy>
        <attributes/>
    </group>
    <members>
        <users/>
        <groups>
            <groupUuid>_e-0000e442-b8c9-8000-02fa-481e94481e94_28</groupUuid>
        </groups>
    </members>
    <admins>
        <users/>
        <groups>
            <groupUuid>_e-0000e442-b8c9-8000-02fa-481e94481e94_30</groupUuid>
            <groupUuid>_e-0000e442-b8c9-8000-02fa-481e94481e94_28</groupUuid>
        </groups>
    </admins>
    <ruleSet/>
    <history>
        <historyInfo versionUuid="_e-0000e442-b8c9-8000-02fa-481e94481e94_31"/>
    </history>
</groupHaul>
