<?xml version="1.0" encoding="UTF-8" standalone="yes"?>
<applicationHaul xmlns:a="http://www.appian.com/ae/types/2009">
    <versionUuid>_a-0000e42d-0084-8000-9bb4-011c48011c48_3551625</versionUuid>
    <application>
        <name>LMB_FF</name>
        <uuid>_a-0000e423-b12f-8000-9bb2-011c48011c48_3539127</uuid>
        <description>Feature Flags</description>
        <parentUuid>SYSTEM_APPLICATIONS_ROOT</parentUuid>
        <visibility>
            <advertise>false</advertise>
            <hierarchy>true</hierarchy>
            <indexable>true</indexable>
            <quota>false</quota>
            <searchable>true</searchable>
            <system>false</system>
            <unlogged>false</unlogged>
        </visibility>
        <urlIdentifier>xXFIKA</urlIdentifier>
        <published>true</published>
        <public>false</public>
        <associatedObjects>
            <globalIdMap>
                <item>
                    <type>datatype</type>
                    <uuids>
                        <uuid>{urn:com:appian:types:L}L_Active</uuid>
                        <uuid>{urn:com:appian:types:L}L_Activity</uuid>
                        <uuid>{urn:com:appian:types:L}L_FeatureFlag</uuid>
                    </uuids>
                </item>
                <item>
                    <type>dataStore</type>
                    <uuids>
                        <uuid>_a-0000e423-b12f-8000-9bb2-011c48011c48_3539336</uuid>
                    </uuids>
                </item>
                <item>
                    <type>user</type>
                    <uuids/>
                </item>
                <item>
                    <type>groupType</type>
                    <uuids/>
                </item>
                <item>
                    <type>group</type>
                    <uuids>
                        <uuid>_e-0000e423-b12f-8000-9afe-01075c01075c_13328</uuid>
                        <uuid>_e-0000e423-b12f-8000-9afe-01075c01075c_13326</uuid>
                    </uuids>
                </item>
                <item>
                    <type>content</type>
                    <uuids>
                        <uuid>b257ca21-87dd-4cd1-bf3f-d4b3f2fbf00e</uuid>
                        <uuid>_a-0000e423-b12f-8000-9bb2-011c48011c48_3539324</uuid>
                        <uuid>_a-0000e423-b12f-8000-9bb2-011c48011c48_3539328</uuid>
                        <uuid>_a-0000e423-b12f-8000-9bb2-011c48011c48_3539332</uuid>
                        <uuid>6d78e7f2-9fad-4a28-a2f8-cf72d04f711b_MAINDSECONSTANT</uuid>
                        <uuid>_a-0000e423-b12f-8000-9bb2-011c48011c48_3539349</uuid>
                        <uuid>d4b4aa1d-0b55-4f40-a168-d9e470366ce4_CHANGEDSECONSTANT</uuid>
                        <uuid>_a-0000e423-b12f-8000-9bb2-011c48011c48_3539361</uuid>
                        <uuid>_a-0000e423-b12f-8000-9bb2-011c48011c48_3539365</uuid>
                        <uuid>f3d058c8-80b0-4ca5-8e70-2ae6b5e07498</uuid>
                        <uuid>08649f60-08b6-485a-9e0f-6a03824f3972_KC</uuid>
                        <uuid>79203ceb-4f15-45d7-b08c-cecd18c420e8</uuid>
                        <uuid>_a-0000e423-b12f-8000-9bb2-011c48011c48_3539148</uuid>
                        <uuid>_a-0000e423-b12f-8000-9bb2-011c48011c48_3539144</uuid>
                        <uuid>_a-0000e423-b12f-8000-9bb2-011c48011c48_3539140</uuid>
                        <uuid>04b1ffb3-2986-47f8-ac37-9383692cab0d_ACTIONCOMPLETED</uuid>
                        <uuid>_a-0000e423-b12f-8000-9bb2-011c48011c48_3539204</uuid>
                        <uuid>7be044f3-b05e-494c-a4c0-958767c94bdd_FORMATNAME</uuid>
                        <uuid>7b3f35e0-c68a-4ed7-b2f2-680106be863c_ACTIONSKIPPED</uuid>
                        <uuid>_a-0000e423-b12f-8000-9bb2-011c48011c48_3539156</uuid>
                        <uuid>_a-0000e423-b12f-8000-9bb2-011c48011c48_3539196</uuid>
                        <uuid>_a-0000e423-b12f-8000-9bb2-011c48011c48_3539244</uuid>
                        <uuid>052bede1-d3f8-4ccd-8888-b79e07dc0370_MAKEACTIVITYCDT</uuid>
                        <uuid>_a-0000e423-b12f-8000-9bb2-011c48011c48_3539284</uuid>
                        <uuid>4e9b7227-6cd1-4743-9fd2-fb6883047909_GETONERECORD</uuid>
                        <uuid>_a-0000e423-b12f-8000-9bb2-011c48011c48_3539208</uuid>
                        <uuid>_a-0000e423-b12f-8000-9bb2-011c48011c48_3539228</uuid>
                        <uuid>_a-0000e423-b12f-8000-9bb2-011c48011c48_3539272</uuid>
                        <uuid>_a-0000e423-b12f-8000-9bb2-011c48011c48_3539192</uuid>
                        <uuid>_a-0000e423-b12f-8000-9bb2-011c48011c48_3539252</uuid>
                        <uuid>_a-0000e423-b12f-8000-9bb2-011c48011c48_3539180</uuid>
                        <uuid>_a-0000e423-b12f-8000-9bb2-011c48011c48_3539224</uuid>
                        <uuid>_a-0000e423-b12f-8000-9bb2-011c48011c48_3539268</uuid>
                        <uuid>_a-0000e423-b12f-8000-9bb2-011c48011c48_3539280</uuid>
                        <uuid>_a-0000e423-b12f-8000-9bb2-011c48011c48_3539160</uuid>
                        <uuid>_a-0000e423-b12f-8000-9bb2-011c48011c48_3539248</uuid>
                        <uuid>_a-0000e423-b12f-8000-9bb2-011c48011c48_3539164</uuid>
                        <uuid>_a-0000e423-b12f-8000-9bb2-011c48011c48_3539276</uuid>
                        <uuid>_a-0000e423-b12f-8000-9bb2-011c48011c48_3539308</uuid>
                        <uuid>20d46190-3d7e-490e-8ffa-c82bbe911a18_TASKFORM</uuid>
                        <uuid>_a-0000e423-b12f-8000-9bb2-011c48011c48_3539300</uuid>
                        <uuid>_a-0000e423-b12f-8000-9bb2-011c48011c48_3539296</uuid>
                        <uuid>_a-0000e423-b12f-8000-9bb2-011c48011c48_3539176</uuid>
                        <uuid>a00278a5-098e-482d-ada0-5070cd3d6d99_ATTACH</uuid>
                        <uuid>_a-0000e423-b12f-8000-9bb2-011c48011c48_3539168</uuid>
                        <uuid>_a-0000e423-b12f-8000-9bb2-011c48011c48_3539260</uuid>
                        <uuid>_a-0000e423-b12f-8000-9bb2-011c48011c48_3539172</uuid>
                        <uuid>9139e3ab-5e27-4b0d-a7eb-07b003cdee54</uuid>
                        <uuid>_a-0000e423-b12f-8000-9bb2-011c48011c48_3539184</uuid>
                        <uuid>_a-0000e423-b12f-8000-9bb2-011c48011c48_3539200</uuid>
                        <uuid>_a-0000e423-b12f-8000-9bb2-011c48011c48_3539240</uuid>
                        <uuid>_a-0000e423-b12f-8000-9bb2-011c48011c48_3539236</uuid>
                        <uuid>_a-0000e423-b12f-8000-9bb2-011c48011c48_3539316</uuid>
                        <uuid>_a-0000e423-b12f-8000-9bb2-011c48011c48_3539264</uuid>
                        <uuid>_a-0000e423-b12f-8000-9bb2-011c48011c48_3539288</uuid>
                        <uuid>_a-0000e423-b12f-8000-9bb2-011c48011c48_3539320</uuid>
                        <uuid>_a-0000e423-b12f-8000-9bb2-011c48011c48_3539312</uuid>
                        <uuid>_a-0000e423-b12f-8000-9bb2-011c48011c48_3539892</uuid>
                    </uuids>
                </item>
                <item>
                    <type>forum</type>
                    <uuids/>
                </item>
                <item>
                    <type>processModelFolder</type>
                    <uuids>
                        <uuid>ac12464e-7d51-4e93-9122-e32995294dbc</uuid>
                    </uuids>
                </item>
                <item>
                    <type>processModel</type>
                    <uuids>
                        <uuid>a6179a1d-deea-490b-a00f-6483f100d56c</uuid>
                        <uuid>4c37e6d9-16f9-48ef-a7b5-caf734068455</uuid>
                        <uuid>37922dab-ba16-4d7b-a7d8-521a8b808115</uuid>
                        <uuid>0edb7f7f-b22c-4031-827d-61e1f648f8a7</uuid>
                    </uuids>
                </item>
                <item>
                    <type>portlet</type>
                    <uuids/>
                </item>
                <item>
                    <type>page</type>
                    <uuids/>
                </item>
                <item>
                    <type>application</type>
                    <uuids/>
                </item>
                <item>
                    <type>tempoFeed</type>
                    <uuids>
                        <uuid>c564c675-062f-4865-815a-c734795c1489</uuid>
                    </uuids>
                </item>
                <item>
                    <type>recordType</type>
                    <uuids>
                        <uuid>cb516c88-7601-415b-973e-1ad8e789e9cc</uuid>
                    </uuids>
                </item>
                <item>
                    <type>tempoReport</type>
                    <uuids>
                        <uuid>90fc1453-7d79-4fe9-8b3b-c30d6629ffb5</uuid>
                    </uuids>
                </item>
                <item>
                    <type>taskReport</type>
                    <uuids>
                        <uuid>fcd7b5ac-5651-4df9-8bcc-40b36c85a057</uuid>
                    </uuids>
                </item>
                <item>
                    <type>webApi</type>
                    <uuids>
                        <uuid>f318d6c6-43f7-442b-9797-176bbd4ad79b</uuid>
                        <uuid>7b9b1aa7-34af-4605-90f2-2c96ff268238</uuid>
                        <uuid>0a3cc2c9-6467-41b4-84aa-bdf0ca6e8660</uuid>
                        <uuid>334a8999-8a67-4a04-bae6-92535e422d32</uuid>
                    </uuids>
                </item>
                <item>
                    <type>site</type>
                    <uuids>
                        <uuid>7cb62942-bd46-4c59-8b9c-490639a6dba6_SITE</uuid>
                    </uuids>
                </item>
                <item>
                    <type>adminSetting</type>
                    <uuids/>
                </item>
                <item>
                    <type>thirdPartyCredentials</type>
                    <uuids/>
                </item>
                <item>
                    <type>dataSource</type>
                    <uuids/>
                </item>
                <item>
                    <type>embeddedSailTheme</type>
                    <uuids/>
                </item>
                <item>
                    <type>connectedSystem</type>
                    <uuids/>
                </item>
            </globalIdMap>
        </associatedObjects>
        <applicationNavigation/>
        <applicationActions/>
        <associatedApplications>
            <globalIdMap>
                <item>
                    <type>datatype</type>
                    <uuids/>
                </item>
                <item>
                    <type>dataStore</type>
                    <uuids/>
                </item>
                <item>
                    <type>user</type>
                    <uuids/>
                </item>
                <item>
                    <type>groupType</type>
                    <uuids/>
                </item>
                <item>
                    <type>group</type>
                    <uuids/>
                </item>
                <item>
                    <type>content</type>
                    <uuids/>
                </item>
                <item>
                    <type>forum</type>
                    <uuids/>
                </item>
                <item>
                    <type>processModelFolder</type>
                    <uuids/>
                </item>
                <item>
                    <type>processModel</type>
                    <uuids/>
                </item>
                <item>
                    <type>portlet</type>
                    <uuids/>
                </item>
                <item>
                    <type>page</type>
                    <uuids/>
                </item>
                <item>
                    <type>application</type>
                    <uuids/>
                </item>
                <item>
                    <type>tempoFeed</type>
                    <uuids/>
                </item>
                <item>
                    <type>recordType</type>
                    <uuids/>
                </item>
                <item>
                    <type>tempoReport</type>
                    <uuids/>
                </item>
                <item>
                    <type>taskReport</type>
                    <uuids/>
                </item>
                <item>
                    <type>webApi</type>
                    <uuids/>
                </item>
                <item>
                    <type>site</type>
                    <uuids/>
                </item>
                <item>
                    <type>adminSetting</type>
                    <uuids/>
                </item>
                <item>
                    <type>thirdPartyCredentials</type>
                    <uuids/>
                </item>
                <item>
                    <type>dataSource</type>
                    <uuids/>
                </item>
                <item>
                    <type>embeddedSailTheme</type>
                    <uuids/>
                </item>
                <item>
                    <type>connectedSystem</type>
                    <uuids/>
                </item>
            </globalIdMap>
        </associatedApplications>
    </application>
    <roleMap>
        <contentRoleMap public="true">
            <role inherit="false" allowForAll="false" name="readers">
                <users/>
                <groups>
                    <groupUuid>_e-0000e423-b12f-8000-9afe-01075c01075c_13328</groupUuid>
                </groups>
            </role>
            <role inherit="false" allowForAll="false" name="authors">
                <users/>
                <groups/>
            </role>
            <role inherit="false" allowForAll="false" name="administrators">
                <users/>
                <groups>
                    <groupUuid>_e-0000e423-b12f-8000-9afe-01075c01075c_13326</groupUuid>
                </groups>
            </role>
            <role inherit="false" allowForAll="false" name="denyReaders">
                <users/>
                <groups/>
            </role>
            <role inherit="false" allowForAll="false" name="denyAuthors">
                <users/>
                <groups/>
            </role>
            <role inherit="false" allowForAll="false" name="denyAdministrators">
                <users/>
                <groups/>
            </role>
        </contentRoleMap>
    </roleMap>
    <history>
        <historyInfo versionUuid="_a-0000e42d-0084-8000-9bb4-011c48011c48_3551625"/>
    </history>
</applicationHaul>
