<?xml version="1.0" encoding="UTF-8"?>
<recordTypeHaul xmlns:a="http://www.appian.com/ae/types/2009" xmlns:xsi="http://www.w3.org/2001/XMLSchema-instance">
  <versionUuid>5b1cc802-a165-4d8e-938c-e6ffcff1e258</versionUuid>
  <recordType a:uuid="5d9b5acb-42d4-45d8-8607-a72aefb40936" name="Application Deployment">
    <a:pluralName>Application Deployments</a:pluralName>
    <a:description>List of entries in the LMB_Application Deployments application</a:description>
    <a:urlStub>W3LX0Q</a:urlStub>
    <a:source
      a:uuid="5c07cdf1-4512-4038-8ab6-e99c836e8c65@_a-0000e442-b8c9-8000-02fa-48ef9048ef90_7392" xsi:type="a:DataStoreEntity"/>
    <a:listViewTemplateExpr>#"SYSTEM_SYSRULES_recordGridLayoutColumns"(
  rowHeader: 1,
  emptygridmessage: "No Application Deployments available",
  columns: {
    #"SYSTEM_SYSRULES_gridLayoutColumn"(
      label: "Title",
      weight: 7,
      field: "title",
      component: #"SYSTEM_SYSRULES_recordGrid_linkField"(
        links: #"SYSTEM_SYSRULES_recordLink"(
          label: rf!title,
          recordType: rp!type,
          identifier: rp!id
        )
      )
    ),
    #"SYSTEM_SYSRULES_gridLayoutColumn"(
      label: "Status",
      width: "DISTRIBUTE",
      weight: 3,
      field: "status.order",
      component: #"SYSTEM_SYSRULES_recordGrid_textField"(
        displayvalue: rf!status.value
      )
    ),
    #"SYSTEM_SYSRULES_gridLayoutColumn"(
      label: "Priority",
      width: "DISTRIBUTE",
      weight: 2,
      field: "priority.order",
      align: "CENTER",
      component: #"SYSTEM_SYSRULES_recordGrid_imageField_v1"(
        images: {
          if(
            isnull(#"_a-0000e442-b8c9-8000-02fa-48ef9048ef90_7312"(rf!priority.value)),
            {},
            #"_a-0000e442-b8c9-8000-02fa-48ef9048ef90_7312"(rf!priority.value)
          )
        },
        size: "ICON"
      )
    ),
    #"SYSTEM_SYSRULES_gridLayoutColumn"(
      label: "Created By",
      weight: 4,
      field: "createdBy",
      component: #"SYSTEM_SYSRULES_recordGrid_linkField"(
        links: {
          #"SYSTEM_SYSRULES_userRecordLink"(
            label: #"989877b0-bad1-42ae-843f-681db3f51976_FORMATNAME"(rf!createdBy),
            user: rf!createdBy
          )
        }
      )
    ),
    #"SYSTEM_SYSRULES_gridLayoutColumn"(
      label: "Updated On",
      width: "DISTRIBUTE",
      weight: 2,
      field: "updatedOn",
      align: "RIGHT",
      component: #"SYSTEM_SYSRULES_recordGrid_textField"(
        displayvalue: #"_a-0000e442-b8c9-8000-02fa-48ef9048ef90_7264"(rf!updatedOn),
        align: "RIGHT"
      )
    )
  },
  pageSize: 50,
  defaultSort: #"SYSTEM_SYSRULES_sortInfo"(
    field: "updatedOn",
    ascending: false
  )
)</a:listViewTemplateExpr>
    <a:fieldCfg name="Status">
      <a:isSortable>false</a:isSortable>
      <a:isSearchable>false</a:isSearchable>
      <a:isFacet>true</a:isFacet>
      <a:facetType>EXPRESSION</a:facetType>
      <a:isExclusiveFacet>true</a:isExclusiveFacet>
      <a:facetExpr>a!localVariables(
  local!options: #"_a-0000e442-b8c9-8000-02fa-48ef9048ef90_7421"(),
  local!statusCounts: #"SYSTEM_SYSRULES_queryEntity_v1"(
    entity: #"1079337c-40f9-481f-88b2-a15ababebe69_MAINDSECONSTANT",
    query: #"SYSTEM_SYSRULES_query"(
      aggregation: #"SYSTEM_SYSRULES_queryAggregation"(
        aggregationColumns: {
          #"SYSTEM_SYSRULES_queryAggregationColumn"(field: "status.value", isGrouping: true),
          #"SYSTEM_SYSRULES_queryAggregationColumn"(field: "id", aggregationFunction: "COUNT")
        }
      ),
      pagingInfo: #"SYSTEM_SYSRULES_pagingInfo"(1, -1, #"SYSTEM_SYSRULES_sortInfo"("status.value", true))
    ),
    fetchTotalCount: false
  ),
  local!statusCountsOrdered: if(
    local!statusCounts.totalCount = 0,
    {},
    #"SYSTEM_SYSRULES_forEach"(
      items: local!options.value,
      expression: #"_a-0000e442-b8c9-8000-02fa-48ef9048ef90_7296"(
        local!statusCounts.data.id,
        local!statusCounts.data.status.value,
        fv!item
      )
    )
  ),
  #"SYSTEM_SYSRULES_facet_v1"(
    name: "Status",
    options: #"SYSTEM_SYSRULES_forEach"(
      items: local!options,
      expression: #"_a-0000e442-b8c9-8000-02fa-48ef9048ef90_7292"(fv!item, "status", index(local!statusCountsOrdered, fv!index, null))
    )
  )
)</a:facetExpr>
      <a:sortOrderIndex>0</a:sortOrderIndex>
      <a:facetOrderIndex>0</a:facetOrderIndex>
      <a:allowMultipleSelections>false</a:allowMultipleSelections>
    </a:fieldCfg>
    <a:fieldCfg name="Priority">
      <a:isSortable>false</a:isSortable>
      <a:isSearchable>false</a:isSearchable>
      <a:isFacet>true</a:isFacet>
      <a:facetType>EXPRESSION</a:facetType>
      <a:isExclusiveFacet>true</a:isExclusiveFacet>
      <a:facetExpr>a!localVariables(
  local!options: #"_a-0000e442-b8c9-8000-02fa-48ef9048ef90_7425"(),
  local!priorityCounts: #"SYSTEM_SYSRULES_queryEntity_v1"(
    entity: #"1079337c-40f9-481f-88b2-a15ababebe69_MAINDSECONSTANT",
    query: #"SYSTEM_SYSRULES_query"(
      aggregation: #"SYSTEM_SYSRULES_queryAggregation"(
        aggregationColumns: {
          #"SYSTEM_SYSRULES_queryAggregationColumn"(field: "priority.value", isGrouping: true),
          #"SYSTEM_SYSRULES_queryAggregationColumn"(field: "id", aggregationFunction: "COUNT")
        }
      ),
      pagingInfo: #"SYSTEM_SYSRULES_pagingInfo"(1, -1, #"SYSTEM_SYSRULES_sortInfo"("priority.value", true))
    ),
    fetchTotalCount: false
  ),
  local!priorityCountsOrdered: if(
    local!priorityCounts.totalCount = 0,
    {},
    #"SYSTEM_SYSRULES_forEach"(
      items: local!options.value,
      expression: #"_a-0000e442-b8c9-8000-02fa-48ef9048ef90_7296"(
        local!priorityCounts.data.id,
        local!priorityCounts.data.priority.value,
        fv!item
      )
    )
  ),
  #"SYSTEM_SYSRULES_facet_v1"(
    name: "Priority",
    options: #"SYSTEM_SYSRULES_forEach"(
      items: local!options,
      expression: #"_a-0000e442-b8c9-8000-02fa-48ef9048ef90_7292"(fv!item, "priority", index(local!priorityCountsOrdered, fv!index, null))
    )
  )
)</a:facetExpr>
      <a:sortOrderIndex>1</a:sortOrderIndex>
      <a:facetOrderIndex>1</a:facetOrderIndex>
      <a:allowMultipleSelections>false</a:allowMultipleSelections>
    </a:fieldCfg>
    <a:fieldCfg name="Created By">
      <a:isSortable>false</a:isSortable>
      <a:isSearchable>false</a:isSearchable>
      <a:isFacet>true</a:isFacet>
      <a:facetType>EXPRESSION</a:facetType>
      <a:isExclusiveFacet>true</a:isExclusiveFacet>
      <a:facetExpr>a!localVariables(
  local!creators:#"SYSTEM_SYSRULES_queryEntity_v1"(
    entity: #"1079337c-40f9-481f-88b2-a15ababebe69_MAINDSECONSTANT",
    query: #"SYSTEM_SYSRULES_query"(
      aggregation: #"SYSTEM_SYSRULES_queryAggregation"(
        aggregationColumns: {
          #"SYSTEM_SYSRULES_queryAggregationColumn"(field: "createdBy", isGrouping: true),
          #"SYSTEM_SYSRULES_queryAggregationColumn"(field: "createdBy", alias: "numberCreated", aggregationFunction: "COUNT")
        }
      ),
      pagingInfo: #"SYSTEM_SYSRULES_pagingInfo"(1, -1, #"SYSTEM_SYSRULES_sortInfo"("createdBy", true))
    ),
    fetchTotalCount: false
  ),
  if(
    local!creators.totalCount = 0,
    {},
    #"SYSTEM_SYSRULES_facet_v1"(
      name: "Created By",
      options: #"SYSTEM_SYSRULES_forEach"(
        items: local!creators,
        expression: #"SYSTEM_SYSRULES_facetOption"(
          id: fv!index,
          name: #"989877b0-bad1-42ae-843f-681db3f51976_FORMATNAME"(fv!item.createdBy),
          filter: #"SYSTEM_SYSRULES_queryFilter"(
            field: "createdBy",
            operator: "=",
            value: fv!item.createdBy
          ),
          dataCount: fv!item.numberCreated
        )
      )
    )
  )
)</a:facetExpr>
      <a:sortOrderIndex>2</a:sortOrderIndex>
      <a:facetOrderIndex>2</a:facetOrderIndex>
      <a:visibilityExpr/>
      <a:defaultOptionExpr/>
      <a:allowMultipleSelections>false</a:allowMultipleSelections>
    </a:fieldCfg>
    <a:detailViewCfg>
      <a:nameExpr>="Summary"</a:nameExpr>
      <a:uiExpr>#"_a-0000e442-b8c9-8000-02fa-48ef9048ef90_7336"(rp!id)</a:uiExpr>
      <a:visibilityExpr>=true()</a:visibilityExpr>
      <a:urlStub>summary</a:urlStub>
      <a:headerExpr/>
      <a:relatedActionCfg>ab272eb1-d3e8-4def-8201-a23d5d2a8a96</a:relatedActionCfg>
      <a:relatedActionCfg>a686e2a5-ffa4-48f3-9a97-538e1db88e48</a:relatedActionCfg>
      <a:relatedActionCfg>3061f3d6-9fcf-4a44-afec-f5b56e12286d</a:relatedActionCfg>
    </a:detailViewCfg>
    <a:detailViewCfg>
      <a:nameExpr>"Activity History"</a:nameExpr>
      <a:uiExpr>#"_a-0000e442-b8c9-8000-02fa-48ef9048ef90_7304"(rp!id)</a:uiExpr>
      <a:visibilityExpr>=true()</a:visibilityExpr>
      <a:urlStub>_-aL2kw</a:urlStub>
      <a:headerExpr/>
      <a:relatedActionCfg>ab272eb1-d3e8-4def-8201-a23d5d2a8a96</a:relatedActionCfg>
      <a:relatedActionCfg>a686e2a5-ffa4-48f3-9a97-538e1db88e48</a:relatedActionCfg>
    </a:detailViewCfg>
    <a:relatedActionCfg>
      <a:target a:uuid="14cbfcd2-a824-4b9b-94d8-2b59be81aefb" xsi:type="a:ProcessModel"/>
      <a:contextExpr>a!localVariables(
  local!record: #"8065c72c-97c8-4a0c-bb29-7ce7bf2baf99_GETONERECORD"(rp!id),
  {
    record: local!record,
    documents: folder(local!record.folderId, "documentChildren"),
  }
)</a:contextExpr>
      <a:visibilityExpr>=true()</a:visibilityExpr>
      <a:iconId>f044</a:iconId>
      <a:refId>ab272eb1-d3e8-4def-8201-a23d5d2a8a96</a:refId>
    </a:relatedActionCfg>
    <a:relatedActionCfg>
      <a:target a:uuid="0e73db02-e76e-40da-8fab-9dc5457cf994" xsi:type="a:ProcessModel"/>
      <a:contextExpr>{
  recordId: rp!id
}</a:contextExpr>
      <a:visibilityExpr>=true()</a:visibilityExpr>
      <a:iconId>f046</a:iconId>
      <a:refId>a686e2a5-ffa4-48f3-9a97-538e1db88e48</a:refId>
    </a:relatedActionCfg>
    <a:relatedActionCfg>
      <a:target a:uuid="217e0342-8d6f-49bd-b01c-5bac4784e64a" xsi:type="a:ProcessModel"/>
      <a:contextExpr>{
  record: #"8065c72c-97c8-4a0c-bb29-7ce7bf2baf99_GETONERECORD"(rp!id)
}</a:contextExpr>
      <a:visibilityExpr>=true()</a:visibilityExpr>
      <a:iconId>f014</a:iconId>
      <a:refId>3061f3d6-9fcf-4a44-afec-f5b56e12286d</a:refId>
    </a:relatedActionCfg>
    <a:isSystem>false</a:isSystem>
    <a:dataSrcExpr/>
    <a:facetsListExpr/>
    <a:titleExpr>rf!title</a:titleExpr>
    <a:defaultFiltersExpr/>
    <a:layoutType>GRID</a:layoutType>
    <a:security>16383</a:security>
    <a:hideLatestNews>false</a:hideLatestNews>
    <a:isExportable>true</a:isExportable>
    <a:recordListActionCfg>
      <a:staticTitle>New Application Deployment</a:staticTitle>
      <a:staticDescription>Create a new Application Deployment</a:staticDescription>
      <a:iconId>f067</a:iconId>
      <a:target a:uuid="ed9919f8-70b9-4bfd-a9a8-d2582302df95" xsi:type="a:ProcessModel"/>
      <a:visibilityExpr>=true()</a:visibilityExpr>
    </a:recordListActionCfg>
    <a:listAutoRefreshInterval>0.0</a:listAutoRefreshInterval>
    <a:isCachingEnabled>false</a:isCachingEnabled>
    <a:enabledFeatures>0</a:enabledFeatures>
    <a:isVisibleInRecordTypeList>true</a:isVisibleInRecordTypeList>
  </recordType>
  <roleMap>
    <role name="record_type_administrator">
      <users/>
      <groups>
        <groupUuid>_e-0000e442-b8c9-8000-02fa-481e94481e94_28</groupUuid>
      </groups>
    </role>
    <role name="record_type_viewer">
      <users/>
      <groups>
        <groupUuid>_e-0000e442-b8c9-8000-02fa-481e94481e94_30</groupUuid>
      </groups>
    </role>
  </roleMap>
  <history>
    <historyInfo versionUuid="5b1cc802-a165-4d8e-938c-e6ffcff1e258"/>
  </history>
  <migrationVersion>1</migrationVersion>
</recordTypeHaul>
