<?xml version="1.0" encoding="UTF-8"?>
<recordTypeHaul xmlns:a="http://www.appian.com/ae/types/2009" xmlns:xsi="http://www.w3.org/2001/XMLSchema-instance">
  <versionUuid>e9e67911-c6ec-46d1-ae77-1ded75b9cd6c</versionUuid>
  <recordType a:uuid="cb516c88-7601-415b-973e-1ad8e789e9cc" name="Feature Flag">
    <a:pluralName>Feature Flags</a:pluralName>
    <a:description>List of entries in the LMB_FF application</a:description>
    <a:urlStub>rGtfMg</a:urlStub>
    <a:source
      a:uuid="e29f01b7-fd37-49f0-ad22-1e7fa2ca8419@_a-0000e423-b12f-8000-9bb2-011c48011c48_3539336" xsi:type="a:DataStoreEntity"/>
    <a:listViewTemplateExpr>#"SYSTEM_SYSRULES_recordGridLayoutColumns"(
  columns: {
    #"SYSTEM_SYSRULES_gridLayoutColumn"(
      label: "Name",
      field: "name",
      component: #"SYSTEM_SYSRULES_recordGrid_linkField"(
        links: #"SYSTEM_SYSRULES_recordLink"(
          label: rf!name,
          recordType: rp!type,
          identifier: rp!id
        )
      )
    ),
    #"SYSTEM_SYSRULES_gridLayoutColumn"(
      label: "Description",
      field: "description",
      component: #"SYSTEM_SYSRULES_recordGrid_textField"(
        displayValue: rf!description,
        align: null
      )
    ),
    #"SYSTEM_SYSRULES_gridLayoutColumn"(
      label: "Created By",
      field: "createdBy",
      component: #"SYSTEM_SYSRULES_recordGrid_textField"(
        displayValue: rf!createdBy,
        align: null
      )
    ),
    #"SYSTEM_SYSRULES_gridLayoutColumn"(
      label: "Folder Id",
      field: "folderId",
      component: #"SYSTEM_SYSRULES_recordGrid_integerField"(
        displayValue: rf!folderId,
        align: "RIGHT"
      )
    ),
    #"SYSTEM_SYSRULES_gridLayoutColumn"(
      label: "Id",
      field: "id",
      component: #"SYSTEM_SYSRULES_recordGrid_integerField"(
        displayValue: rf!id,
        align: "RIGHT"
      )
    ),
    #"SYSTEM_SYSRULES_gridLayoutColumn"(
      label: "Active",
      width: "DISTRIBUTE",
      field: "active.value"
    )
  },
  pageSize: 50,
  defaultSort: #"SYSTEM_SYSRULES_sortInfo"(
    field: "name",
    ascending: fn!true()
  ),
  shadeAlternateRows: true
)</a:listViewTemplateExpr>
    <a:fieldCfg a:uuid="8f1da455-df59-4724-bb86-36918c98a9e7" name="Created By">
      <a:isSortable>false</a:isSortable>
      <a:isSearchable>false</a:isSearchable>
      <a:isFacet>true</a:isFacet>
      <a:facetType>EXPRESSION</a:facetType>
      <a:isExclusiveFacet>true</a:isExclusiveFacet>
      <a:facetExpr>a!localVariables(
  local!creators:#"SYSTEM_SYSRULES_queryEntity_v1"(
    entity: #"6d78e7f2-9fad-4a28-a2f8-cf72d04f711b_MAINDSECONSTANT",
    query: #"SYSTEM_SYSRULES_query"(
      aggregation: #"SYSTEM_SYSRULES_queryAggregation"(
        aggregationColumns: {
          #"SYSTEM_SYSRULES_queryAggregationColumn"(field: "createdBy", isGrouping: true),
          #"SYSTEM_SYSRULES_queryAggregationColumn"(field: "createdBy", alias: "numberCreated", aggregationFunction: "COUNT")
        }
      ),
      pagingInfo: #"SYSTEM_SYSRULES_pagingInfo"(1, -1, #"SYSTEM_SYSRULES_sortInfo"("createdBy", true))
    ),
    fetchTotalCount: false
  ),
  if(
    local!creators.totalCount = 0,
    {},
    #"SYSTEM_SYSRULES_facet_v1"(
      name: "Created By",
      options: #"SYSTEM_SYSRULES_forEach"(
        items: local!creators,
        expression: #"SYSTEM_SYSRULES_facetOption"(
          id: fv!index,
          name: #"7be044f3-b05e-494c-a4c0-958767c94bdd_FORMATNAME"(fv!item.createdBy),
          filter: #"SYSTEM_SYSRULES_queryFilter"(
            field: "createdBy",
            operator: "=",
            value: fv!item.createdBy
          ),
          dataCount: fv!item.numberCreated
        )
      )
    )
  )
)</a:facetExpr>
      <a:sortOrderIndex>0</a:sortOrderIndex>
      <a:facetOrderIndex>0</a:facetOrderIndex>
      <a:visibilityExpr/>
      <a:defaultOptionExpr/>
      <a:allowMultipleSelections>false</a:allowMultipleSelections>
    </a:fieldCfg>
    <a:detailViewCfg>
      <a:nameExpr>="Summary"</a:nameExpr>
      <a:uiExpr>#"_a-0000e423-b12f-8000-9bb2-011c48011c48_3539280"(rp!id)</a:uiExpr>
      <a:visibilityExpr>=true()</a:visibilityExpr>
      <a:urlStub>summary</a:urlStub>
      <a:headerExpr/>
      <a:relatedActionCfg>76fe50c2-0724-41b7-bf08-e5b54baa3b59</a:relatedActionCfg>
      <a:relatedActionCfg>0a3ebb8a-21e2-41be-899d-93fa3d687e0a</a:relatedActionCfg>
      <a:relatedActionCfg>56460a69-a22b-454e-9e3e-22a4a260cfbc</a:relatedActionCfg>
      <a:recordActionLaunchType>DIALOG</a:recordActionLaunchType>
    </a:detailViewCfg>
    <a:detailViewCfg>
      <a:nameExpr>"Activity History"</a:nameExpr>
      <a:uiExpr>#"_a-0000e423-b12f-8000-9bb2-011c48011c48_3539248"(rp!id)</a:uiExpr>
      <a:visibilityExpr>=true()</a:visibilityExpr>
      <a:urlStub>_X8baVQ</a:urlStub>
      <a:headerExpr/>
      <a:relatedActionCfg>76fe50c2-0724-41b7-bf08-e5b54baa3b59</a:relatedActionCfg>
      <a:relatedActionCfg>0a3ebb8a-21e2-41be-899d-93fa3d687e0a</a:relatedActionCfg>
      <a:recordActionLaunchType>DIALOG</a:recordActionLaunchType>
    </a:detailViewCfg>
    <a:relatedActionCfg a:uuid="98fd68f3-e33d-47d3-bd5b-517080336437">
      <a:target a:uuid="4c37e6d9-16f9-48ef-a7b5-caf734068455" xsi:type="a:ProcessModel"/>
      <a:contextExpr>a!localVariables(
  local!record: #"4e9b7227-6cd1-4743-9fd2-fb6883047909_GETONERECORD"(rp!id),
  {
    record: local!record,
    documents: folder(local!record.folderId, "documentChildren"),
  }
)</a:contextExpr>
      <a:visibilityExpr>=true()</a:visibilityExpr>
      <a:iconId>f044</a:iconId>
      <a:refId>76fe50c2-0724-41b7-bf08-e5b54baa3b59</a:refId>
      <a:referenceKey>updateRecord</a:referenceKey>
    </a:relatedActionCfg>
    <a:relatedActionCfg a:uuid="79ecedec-b4c2-4810-b028-68955043c6dd">
      <a:target a:uuid="37922dab-ba16-4d7b-a7d8-521a8b808115" xsi:type="a:ProcessModel"/>
      <a:contextExpr>{
  recordId: rp!id
}</a:contextExpr>
      <a:visibilityExpr>=true()</a:visibilityExpr>
      <a:iconId>f046</a:iconId>
      <a:refId>0a3ebb8a-21e2-41be-899d-93fa3d687e0a</a:refId>
      <a:referenceKey>sendTask</a:referenceKey>
    </a:relatedActionCfg>
    <a:relatedActionCfg a:uuid="467a2dcb-dba3-482f-ad73-a3c1cc8f3ff8">
      <a:target a:uuid="0edb7f7f-b22c-4031-827d-61e1f648f8a7" xsi:type="a:ProcessModel"/>
      <a:contextExpr>{
  record: #"4e9b7227-6cd1-4743-9fd2-fb6883047909_GETONERECORD"(rp!id)
}</a:contextExpr>
      <a:visibilityExpr>=true()</a:visibilityExpr>
      <a:iconId>f014</a:iconId>
      <a:refId>56460a69-a22b-454e-9e3e-22a4a260cfbc</a:refId>
      <a:referenceKey>deleteFeatureFlag</a:referenceKey>
    </a:relatedActionCfg>
    <a:isSystem>false</a:isSystem>
    <a:dataSrcExpr/>
    <a:facetsListExpr/>
    <a:titleExpr/>
    <a:defaultFiltersExpr/>
    <a:layoutType>GRID</a:layoutType>
    <a:security>16383</a:security>
    <a:hideLatestNews>false</a:hideLatestNews>
    <a:isExportable>true</a:isExportable>
    <a:listViewSrcExpr/>
    <a:recordViewSrcExpr/>
    <a:recordListActionCfg a:uuid="defce0da-d705-4384-8818-4572d39f6758">
      <a:staticTitle>New Feature Flag</a:staticTitle>
      <a:staticDescription>Create a new Feature Flag</a:staticDescription>
      <a:iconId>f067</a:iconId>
      <a:target a:uuid="a6179a1d-deea-490b-a00f-6483f100d56c" xsi:type="a:ProcessModel"/>
      <a:visibilityExpr>=true()</a:visibilityExpr>
      <a:referenceKey>newFeatureFlag</a:referenceKey>
    </a:recordListActionCfg>
    <a:iconId/>
    <a:listAutoRefreshInterval>0.0</a:listAutoRefreshInterval>
    <a:enabledFeatures>15</a:enabledFeatures>
    <a:isVisibleInRecordTypeList>true</a:isVisibleInRecordTypeList>
    <a:recordActionLaunchType>DIALOG</a:recordActionLaunchType>
  </recordType>
  <roleMap>
    <role name="record_type_administrator">
      <users/>
      <groups>
        <groupUuid>_e-0000e423-b12f-8000-9afe-01075c01075c_13326</groupUuid>
      </groups>
    </role>
    <role name="record_type_viewer">
      <users/>
      <groups>
        <groupUuid>_e-0000e423-b12f-8000-9afe-01075c01075c_13328</groupUuid>
      </groups>
    </role>
  </roleMap>
  <history>
    <historyInfo versionUuid="e9e67911-c6ec-46d1-ae77-1ded75b9cd6c"/>
  </history>
  <migrationVersion>1</migrationVersion>
</recordTypeHaul>
