<?xml version="1.0" encoding="UTF-8" standalone="yes"?>
<dataStoreHaul xmlns:a="http://www.appian.com/ae/types/2009">
    <versionUuid>_a-0000e442-b8c9-8000-02fa-48ef9048ef90_7404</versionUuid>
    <dataStore>
        <uuid>_a-0000e442-b8c9-8000-02fa-48ef9048ef90_7392</uuid>
        <name>LD Application Deployments</name>
        <description>Data store containing all application's data store entities. [Data]</description>
        <dataSourceKey>jdbc/Appian</dataSourceKey>
        <adaptingExplicitSqlNames>false</adaptingExplicitSqlNames>
        <autoUpdateSchema>false</autoUpdateSchema>
        <entities>
            <entity>
                <uuid>3e23e4d4-3102-4896-9597-f7327f542e86</uuid>
                <name>LD_Status</name>
                <type>{urn:com:appian:types:LD}LD_Status</type>
            </entity>
            <entity>
                <uuid>95ecc287-15bc-44e2-bc4d-a6aaed75d60c</uuid>
                <name>LD_Priority</name>
                <type>{urn:com:appian:types:LD}LD_Priority</type>
            </entity>
            <entity>
                <uuid>14ba8bc1-ed7c-41f4-843a-2d84fca887f3</uuid>
                <name>LD_Activity</name>
                <type>{urn:com:appian:types:LD}LD_Activity</type>
            </entity>
            <entity>
                <uuid>5c07cdf1-4512-4038-8ab6-e99c836e8c65</uuid>
                <name>LD_ApplicationDeployment</name>
                <type>{urn:com:appian:types:LD}LD_ApplicationDeployment</type>
            </entity>
        </entities>
    </dataStore>
    <isPublished>true</isPublished>
    <roleMap>
        <role inherit="false" allowForAll="false" name="administrators">
            <users/>
            <groups>
                <groupUuid>_e-0000e442-b8c9-8000-02fa-481e94481e94_28</groupUuid>
            </groups>
        </role>
        <role inherit="false" allowForAll="false" name="authors">
            <users/>
            <groups/>
        </role>
        <role inherit="false" allowForAll="false" name="denyAdministrators">
            <users/>
            <groups/>
        </role>
        <role inherit="false" allowForAll="false" name="denyAuthors">
            <users/>
            <groups/>
        </role>
        <role inherit="false" allowForAll="false" name="denyReaders">
            <users/>
            <groups/>
        </role>
        <role inherit="false" allowForAll="false" name="readers">
            <users/>
            <groups>
                <groupUuid>_e-0000e442-b8c9-8000-02fa-481e94481e94_30</groupUuid>
            </groups>
        </role>
    </roleMap>
    <history>
        <historyInfo versionUuid="_a-0000e442-b8c9-8000-02fa-48ef9048ef90_7404"/>
    </history>
</dataStoreHaul>
