<?xml version="1.0" encoding="UTF-8"?>
<siteHaul xmlns:a="http://www.appian.com/ae/types/2009" xmlns:xsi="http://www.w3.org/2001/XMLSchema-instance">
  <versionUuid>e4e684ce-0560-415f-a2e8-e577c93ebfba</versionUuid>
  <site a:uuid="7cb62942-bd46-4c59-8b9c-490639a6dba6_SITE" name="LMB_FF">
    <description>Feature Flags</description>
    <urlStub>lmb-ff</urlStub>
    <page>
      <staticName>Feature Flags</staticName>
      <description/>
      <urlStub>records</urlStub>
      <uiObject a:uuid="cb516c88-7601-415b-973e-1ad8e789e9cc" xsi:type="a:RecordType">
        <a:isSystem>false</a:isSystem>
        <a:security>16383</a:security>
        <a:hideLatestNews>false</a:hideLatestNews>
        <a:isExportable>true</a:isExportable>
        <a:listAutoRefreshInterval>0.0</a:listAutoRefreshInterval>
        <a:enabledFeatures>0</a:enabledFeatures>
        <a:isVisibleInRecordTypeList>true</a:isVisibleInRecordTypeList>
      </uiObject>
      <iconId>f024</iconId>
      <visibilityExpr>fn!true()</visibilityExpr>
      <pageWidth>STANDARD</pageWidth>
    </page>
    <page>
      <staticName>Trends</staticName>
      <description/>
      <urlStub>trends</urlStub>
      <uiObject a:uuid="90fc1453-7d79-4fe9-8b3b-c30d6629ffb5" xsi:type="a:TempoReport"/>
      <iconId>f080</iconId>
      <visibilityExpr>fn!true()</visibilityExpr>
      <pageWidth>WIDE</pageWidth>
    </page>
    <page>
      <staticName>My Tasks</staticName>
      <description/>
      <urlStub>tasks</urlStub>
      <uiObject a:uuid="fcd7b5ac-5651-4df9-8bcc-40b36c85a057" xsi:type="a:TaskReport"/>
      <iconId>f046</iconId>
      <visibilityExpr>fn!true()</visibilityExpr>
      <pageWidth>WIDE</pageWidth>
    </page>
    <visibility>268435456</visibility>
    <headerBackgroundColor/>
    <selectedTabBackgroundColor/>
    <faviconRef a:uuid="SYSTEM_CONTENT_SITES_DEFAULT_FAVICON" xsi:type="a:CollaborationDocument"/>
    <faviconHref/>
    <logoRef a:uuid="SYSTEM_CONTENT_SITES_DEFAULT_LOGO" xsi:type="a:CollaborationDocument"/>
    <logoHref/>
    <headerBackgroundColorExpr/>
    <selectedTabBackgroundColorExpr/>
    <accentColorExpr xsi:nil="true"/>
    <logoExpr xsi:nil="true"/>
    <faviconExpr xsi:nil="true"/>
    <showName>false</showName>
    <tempoLinkVisibility>HIDDEN</tempoLinkVisibility>
    <showRecordNews>false</showRecordNews>
    <tasksInSitesVisibility>HIDDEN</tasksInSitesVisibility>
    <isSystem>false</isSystem>
  </site>
  <roleMap>
    <role name="site_administrator">
      <users/>
      <groups>
        <groupUuid>_e-0000e423-b12f-8000-9afe-01075c01075c_13326</groupUuid>
      </groups>
    </role>
    <role name="site_viewer">
      <users/>
      <groups>
        <groupUuid>_e-0000e423-b12f-8000-9afe-01075c01075c_13328</groupUuid>
      </groups>
    </role>
  </roleMap>
  <history>
    <historyInfo versionUuid="e4e684ce-0560-415f-a2e8-e577c93ebfba"/>
  </history>
</siteHaul>
