<?xml version="1.0" encoding="UTF-8" standalone="yes"?>
<groupHaul xmlns:a="http://www.appian.com/ae/types/2009">
    <versionUuid>_e-0000e423-b12f-8000-9afe-01075c01075c_13329</versionUuid>
    <group>
        <name>LMB_FF Users</name>
        <securityMap>SECURITYMAP_TEAM</securityMap>
        <uuid>_e-0000e423-b12f-8000-9afe-01075c01075c_13328</uuid>
        <groupTypeUuid>SYSTEM_GROUP_TYPE_CUSTOM</groupTypeUuid>
        <description>Group that all LMB_FF activity is secured to</description>
        <delegatedCreation>false</delegatedCreation>
        <memberPolicy>MEMBERPOLICY_CLOSED</memberPolicy>
        <viewingPolicy>VIEWINGPOLICY_LOW</viewingPolicy>
        <attributes/>
    </group>
    <members>
        <users/>
        <groups>
            <groupUuid>_e-0000e423-b12f-8000-9afe-01075c01075c_13326</groupUuid>
        </groups>
    </members>
    <admins>
        <users/>
        <groups>
            <groupUuid>_e-0000e423-b12f-8000-9afe-01075c01075c_13328</groupUuid>
            <groupUuid>_e-0000e423-b12f-8000-9afe-01075c01075c_13326</groupUuid>
        </groups>
    </admins>
    <ruleSet/>
    <history>
        <historyInfo versionUuid="_e-0000e423-b12f-8000-9afe-01075c01075c_13329"/>
    </history>
</groupHaul>
