<?xml version="1.0" encoding="UTF-8" standalone="yes"?>
<applicationHaul xmlns:a="http://www.appian.com/ae/types/2009">
    <versionUuid>_a-0000e1b1-9250-8000-9ba2-011c48011c48_1020061</versionUuid>
    <application>
        <name>SantanderMock</name>
        <uuid>_a-0000e075-f2c0-8000-9ba2-011c48011c48_584943</uuid>
        <description></description>
        <parentUuid>SYSTEM_APPLICATIONS_ROOT</parentUuid>
        <visibility>
            <advertise>false</advertise>
            <hierarchy>true</hierarchy>
            <indexable>true</indexable>
            <quota>false</quota>
            <searchable>true</searchable>
            <system>false</system>
            <unlogged>false</unlogged>
        </visibility>
        <urlIdentifier>TnqN8Q</urlIdentifier>
        <published>false</published>
        <public>false</public>
        <associatedObjects>
            <globalIdMap>
                <item>
                    <type>datatype</type>
                    <uuids/>
                </item>
                <item>
                    <type>dataStore</type>
                    <uuids/>
                </item>
                <item>
                    <type>user</type>
                    <uuids/>
                </item>
                <item>
                    <type>groupType</type>
                    <uuids/>
                </item>
                <item>
                    <type>group</type>
                    <uuids>
                        <uuid>_e-0000df95-5497-8000-d182-011e94011e94_24</uuid>
                        <uuid>_e-0000df95-5497-8000-d182-011e94011e94_25</uuid>
                        <uuid>_e-0000dd29-17a1-8000-9aee-01075c01075c_98</uuid>
                        <uuid>_e-0000df95-5497-8000-d182-011e94011e94_21</uuid>
                        <uuid>_e-0000df95-5497-8000-d182-011e94011e94_22</uuid>
                        <uuid>_e-0000df95-5497-8000-d182-011e94011e94_23</uuid>
                        <uuid>_e-0000dd29-17a1-8000-9aee-01075c01075c_99</uuid>
                        <uuid>_e-0000ddc1-10b4-8000-9aee-01075c01075c_132</uuid>
                        <uuid>_e-0000ddc1-10b4-8000-9aee-01075c01075c_133</uuid>
                        <uuid>_e-0000ddd3-6acd-8000-9aee-01075c01075c_145</uuid>
                        <uuid>_e-0000ddd3-6acd-8000-9aee-01075c01075c_146</uuid>
                    </uuids>
                </item>
                <item>
                    <type>content</type>
                    <uuids>
                        <uuid>_a-0000e075-f2c0-8000-9ba2-011c48011c48_584947</uuid>
                        <uuid>_a-0000e075-f2c0-8000-9ba2-011c48011c48_584952</uuid>
                        <uuid>_a-0000e0ef-20d6-8000-9ba2-011c48011c48_903648</uuid>
                        <uuid>_a-0000e0ef-20d6-8000-9ba2-011c48011c48_903660</uuid>
                        <uuid>_a-0000e0ef-20d6-8000-9ba2-011c48011c48_903683</uuid>
                        <uuid>_a-0000e0ef-20d6-8000-9ba2-011c48011c48_903699</uuid>
                        <uuid>_a-0000e0ef-20d6-8000-9ba2-011c48011c48_903763</uuid>
                        <uuid>_a-0000e0ef-20d6-8000-9ba2-011c48011c48_903917</uuid>
                        <uuid>_a-0000e0ef-20d6-8000-9ba2-011c48011c48_903929</uuid>
                        <uuid>_a-0000e0ef-20d6-8000-9ba2-011c48011c48_903945</uuid>
                        <uuid>_a-0000e0ef-20d6-8000-9ba2-011c48011c48_903618</uuid>
                        <uuid>_a-0000e0ef-20d6-8000-9ba2-011c48011c48_904032</uuid>
                        <uuid>762d0401-7c6a-4e17-b03c-724d14407615</uuid>
                        <uuid>_a-0000e0ef-20d6-8000-9ba2-011c48011c48_904213</uuid>
                        <uuid>_a-0000e0ef-20d6-8000-9ba2-011c48011c48_904235</uuid>
                        <uuid>_a-0000e0ef-20d6-8000-9ba2-011c48011c48_905107</uuid>
                        <uuid>_a-0000e141-8c60-8000-9ba2-011c48011c48_992473</uuid>
                        <uuid>_a-0000e141-8c60-8000-9ba2-011c48011c48_992491</uuid>
                        <uuid>_a-0000e141-8c60-8000-9ba2-011c48011c48_992877</uuid>
                        <uuid>_a-0000e141-8c60-8000-9ba2-011c48011c48_992898</uuid>
                        <uuid>_a-0000e141-8c60-8000-9ba2-011c48011c48_992918</uuid>
                        <uuid>_a-0000e008-4665-8000-9ba2-011c48011c48_23123</uuid>
                        <uuid>_a-0000e008-4665-8000-9ba2-011c48011c48_23135</uuid>
                        <uuid>_a-0000dd0d-462c-8000-9ba2-011c48011c48_4041</uuid>
                        <uuid>_a-0000e0d2-c759-8000-9ba2-011c48011c48_901620</uuid>
                        <uuid>_a-0000e0ef-20d6-8000-9ba2-011c48011c48_903666</uuid>
                        <uuid>a4085541-4245-422e-b6cc-958d42075941</uuid>
                        <uuid>_a-0000dd0d-462c-8000-9ba2-011c48011c48_4039</uuid>
                        <uuid>48ed5f05-b85f-4d3a-817e-b2904a4fab1f_KC</uuid>
                        <uuid>_a-0000dd0d-462c-8000-9ba2-011c48011c48_4038</uuid>
                        <uuid>_a-0000dd0d-462c-8000-9ba2-011c48011c48_4037</uuid>
                        <uuid>_a-0000e1b1-9250-8000-9ba2-011c48011c48_1020056</uuid>
                    </uuids>
                </item>
                <item>
                    <type>forum</type>
                    <uuids/>
                </item>
                <item>
                    <type>processModelFolder</type>
                    <uuids/>
                </item>
                <item>
                    <type>processModel</type>
                    <uuids/>
                </item>
                <item>
                    <type>portlet</type>
                    <uuids/>
                </item>
                <item>
                    <type>page</type>
                    <uuids/>
                </item>
                <item>
                    <type>application</type>
                    <uuids/>
                </item>
                <item>
                    <type>tempoFeed</type>
                    <uuids/>
                </item>
                <item>
                    <type>recordType</type>
                    <uuids/>
                </item>
                <item>
                    <type>tempoReport</type>
                    <uuids>
                        <uuid>73c51f47-f0b3-4acb-bc98-710490e82678</uuid>
                        <uuid>993d6905-8f42-439a-8761-e5559eabac9c</uuid>
                        <uuid>3b47c0e6-33bb-4b25-8590-51f53b3fbf81</uuid>
                        <uuid>71cc5042-ceff-454d-a46b-305fd54a2ac4</uuid>
                        <uuid>bd76f84b-7e65-4938-9a84-b701c191ccce</uuid>
                        <uuid>f9cfd2c7-2eab-4256-9bc4-3bf15f9985d4</uuid>
                        <uuid>b8a7af45-129f-4396-9ca7-f9b66f6a399b</uuid>
                    </uuids>
                </item>
                <item>
                    <type>taskReport</type>
                    <uuids/>
                </item>
                <item>
                    <type>webApi</type>
                    <uuids/>
                </item>
                <item>
                    <type>site</type>
                    <uuids>
                        <uuid>abc60a17-bf3d-47c8-b24b-158ca91d2f0e</uuid>
                        <uuid>c8e794f5-ef06-45f2-9cbd-a14bd4b74875</uuid>
                    </uuids>
                </item>
                <item>
                    <type>adminSetting</type>
                    <uuids/>
                </item>
                <item>
                    <type>thirdPartyCredentials</type>
                    <uuids/>
                </item>
                <item>
                    <type>dataSource</type>
                    <uuids/>
                </item>
                <item>
                    <type>embeddedSailTheme</type>
                    <uuids/>
                </item>
                <item>
                    <type>connectedSystem</type>
                    <uuids/>
                </item>
            </globalIdMap>
        </associatedObjects>
        <applicationNavigation/>
        <applicationActions/>
        <associatedApplications>
            <globalIdMap>
                <item>
                    <type>datatype</type>
                    <uuids/>
                </item>
                <item>
                    <type>dataStore</type>
                    <uuids/>
                </item>
                <item>
                    <type>user</type>
                    <uuids/>
                </item>
                <item>
                    <type>groupType</type>
                    <uuids/>
                </item>
                <item>
                    <type>group</type>
                    <uuids/>
                </item>
                <item>
                    <type>content</type>
                    <uuids/>
                </item>
                <item>
                    <type>forum</type>
                    <uuids/>
                </item>
                <item>
                    <type>processModelFolder</type>
                    <uuids/>
                </item>
                <item>
                    <type>processModel</type>
                    <uuids/>
                </item>
                <item>
                    <type>portlet</type>
                    <uuids/>
                </item>
                <item>
                    <type>page</type>
                    <uuids/>
                </item>
                <item>
                    <type>application</type>
                    <uuids/>
                </item>
                <item>
                    <type>tempoFeed</type>
                    <uuids/>
                </item>
                <item>
                    <type>recordType</type>
                    <uuids/>
                </item>
                <item>
                    <type>tempoReport</type>
                    <uuids/>
                </item>
                <item>
                    <type>taskReport</type>
                    <uuids/>
                </item>
                <item>
                    <type>webApi</type>
                    <uuids/>
                </item>
                <item>
                    <type>site</type>
                    <uuids/>
                </item>
                <item>
                    <type>adminSetting</type>
                    <uuids/>
                </item>
                <item>
                    <type>thirdPartyCredentials</type>
                    <uuids/>
                </item>
                <item>
                    <type>dataSource</type>
                    <uuids/>
                </item>
                <item>
                    <type>embeddedSailTheme</type>
                    <uuids/>
                </item>
                <item>
                    <type>connectedSystem</type>
                    <uuids/>
                </item>
            </globalIdMap>
        </associatedApplications>
    </application>
    <roleMap>
        <contentRoleMap public="true">
            <role inherit="false" allowForAll="false" name="readers">
                <users/>
                <groups/>
            </role>
            <role inherit="false" allowForAll="false" name="authors">
                <users/>
                <groups/>
            </role>
            <role inherit="false" allowForAll="false" name="administrators">
                <users>
                    <userUuid>ramon.riquelme@appian.com</userUuid>
                </users>
                <groups/>
            </role>
            <role inherit="false" allowForAll="false" name="denyReaders">
                <users/>
                <groups/>
            </role>
            <role inherit="false" allowForAll="false" name="denyAuthors">
                <users/>
                <groups/>
            </role>
            <role inherit="false" allowForAll="false" name="denyAdministrators">
                <users/>
                <groups/>
            </role>
        </contentRoleMap>
    </roleMap>
    <history>
        <historyInfo versionUuid="_a-0000e1b1-9250-8000-9ba2-011c48011c48_1020041"/>
        <historyInfo versionUuid="_a-0000e1b1-9250-8000-9ba2-011c48011c48_1020061"/>
    </history>
</applicationHaul>
