<?xml version="1.0" encoding="UTF-8" standalone="yes"?>
<applicationHaul xmlns:a="http://www.appian.com/ae/types/2009">
    <versionUuid>_a-0000e442-b8c9-8000-02fa-48ef9048ef90_7919</versionUuid>
    <application>
        <name>LMB_Application Deployments</name>
        <uuid>_a-0000e442-b8c9-8000-02fa-48ef9048ef90_7183</uuid>
        <description>Application Deployments</description>
        <parentUuid>SYSTEM_APPLICATIONS_ROOT</parentUuid>
        <visibility>
            <advertise>false</advertise>
            <hierarchy>true</hierarchy>
            <indexable>true</indexable>
            <quota>false</quota>
            <searchable>true</searchable>
            <system>false</system>
            <unlogged>false</unlogged>
        </visibility>
        <urlIdentifier>OpYIag</urlIdentifier>
        <published>true</published>
        <public>false</public>
        <associatedObjects>
            <globalIdMap>
                <item>
                    <type>datatype</type>
                    <uuids>
                        <uuid>{urn:com:appian:types:LD}LD_Status</uuid>
                        <uuid>{urn:com:appian:types:LD}LD_Priority</uuid>
                        <uuid>{urn:com:appian:types:LD}LD_Activity</uuid>
                        <uuid>{urn:com:appian:types:LD}LD_ApplicationDeployment</uuid>
                    </uuids>
                </item>
                <item>
                    <type>dataStore</type>
                    <uuids>
                        <uuid>_a-0000e442-b8c9-8000-02fa-48ef9048ef90_7392</uuid>
                    </uuids>
                </item>
                <item>
                    <type>user</type>
                    <uuids/>
                </item>
                <item>
                    <type>groupType</type>
                    <uuids/>
                </item>
                <item>
                    <type>group</type>
                    <uuids>
                        <uuid>_e-0000e442-b8c9-8000-02fa-481e94481e94_30</uuid>
                        <uuid>_e-0000e442-b8c9-8000-02fa-481e94481e94_28</uuid>
                    </uuids>
                </item>
                <item>
                    <type>content</type>
                    <uuids>
                        <uuid>9be7e201-67db-4bdf-8479-3ca17c34ae1b</uuid>
                        <uuid>_a-0000e442-b8c9-8000-02fa-48ef9048ef90_7380</uuid>
                        <uuid>_a-0000e442-b8c9-8000-02fa-48ef9048ef90_7384</uuid>
                        <uuid>_a-0000e442-b8c9-8000-02fa-48ef9048ef90_7388</uuid>
                        <uuid>_a-0000e442-b8c9-8000-02fa-48ef9048ef90_7409</uuid>
                        <uuid>53f5741e-57c7-4492-a743-560304e13a37_CHANGEDSECONSTANT</uuid>
                        <uuid>1079337c-40f9-481f-88b2-a15ababebe69_MAINDSECONSTANT</uuid>
                        <uuid>_a-0000e442-b8c9-8000-02fa-48ef9048ef90_7405</uuid>
                        <uuid>_a-0000e442-b8c9-8000-02fa-48ef9048ef90_7421</uuid>
                        <uuid>_a-0000e442-b8c9-8000-02fa-48ef9048ef90_7425</uuid>
                        <uuid>_a-0000e442-b8c9-8000-02fa-48ef9048ef90_7429</uuid>
                        <uuid>b250aef9-823c-4819-8458-4d4158b7da5e</uuid>
                        <uuid>_a-0000e442-b8c9-8000-02fa-48ef9048ef90_7280</uuid>
                        <uuid>_a-0000e442-b8c9-8000-02fa-48ef9048ef90_7196</uuid>
                        <uuid>8065c72c-97c8-4a0c-bb29-7ce7bf2baf99_GETONERECORD</uuid>
                        <uuid>_a-0000e442-b8c9-8000-02fa-48ef9048ef90_7264</uuid>
                        <uuid>_a-0000e442-b8c9-8000-02fa-48ef9048ef90_7312</uuid>
                        <uuid>6042e3da-e4fb-4bd1-95fb-f3cb6d205dfa_KC</uuid>
                        <uuid>67aed897-473f-4b11-9138-bfe0c00c504f</uuid>
                        <uuid>_a-0000e442-b8c9-8000-02fa-48ef9048ef90_7236</uuid>
                        <uuid>989877b0-bad1-42ae-843f-681db3f51976_FORMATNAME</uuid>
                        <uuid>_a-0000e442-b8c9-8000-02fa-48ef9048ef90_7260</uuid>
                        <uuid>_a-0000e442-b8c9-8000-02fa-48ef9048ef90_7248</uuid>
                        <uuid>_a-0000e442-b8c9-8000-02fa-48ef9048ef90_7308</uuid>
                        <uuid>_a-0000e442-b8c9-8000-02fa-48ef9048ef90_7324</uuid>
                        <uuid>_a-0000e442-b8c9-8000-02fa-48ef9048ef90_7204</uuid>
                        <uuid>7cfd2882-434e-45d5-9507-131e72786b7f_ACTIONSKIPPED</uuid>
                        <uuid>_a-0000e442-b8c9-8000-02fa-48ef9048ef90_7340</uuid>
                        <uuid>_a-0000e442-b8c9-8000-02fa-48ef9048ef90_7216</uuid>
                        <uuid>_a-0000e442-b8c9-8000-02fa-48ef9048ef90_7304</uuid>
                        <uuid>_a-0000e442-b8c9-8000-02fa-48ef9048ef90_7220</uuid>
                        <uuid>_a-0000e442-b8c9-8000-02fa-48ef9048ef90_7200</uuid>
                        <uuid>_a-0000e442-b8c9-8000-02fa-48ef9048ef90_7212</uuid>
                        <uuid>_a-0000e442-b8c9-8000-02fa-48ef9048ef90_7252</uuid>
                        <uuid>_a-0000e442-b8c9-8000-02fa-48ef9048ef90_7300</uuid>
                        <uuid>dcf71dbe-4a7e-4764-8e22-02f930a4984c_ACTIONCOMPLETED</uuid>
                        <uuid>7eb1dc99-5846-4fa3-8240-76effa23dff3_MAKEACTIVITYCDT</uuid>
                        <uuid>_a-0000e442-b8c9-8000-02fa-48ef9048ef90_7332</uuid>
                        <uuid>8df3fd3d-bce4-4110-88eb-bba609507eb9_TASKFORM</uuid>
                        <uuid>_a-0000e442-b8c9-8000-02fa-48ef9048ef90_7356</uuid>
                        <uuid>_a-0000e442-b8c9-8000-02fa-48ef9048ef90_7352</uuid>
                        <uuid>427a5e04-add1-4192-b4f4-4d24fe35af48_ATTACH</uuid>
                        <uuid>_a-0000e442-b8c9-8000-02fa-48ef9048ef90_7224</uuid>
                        <uuid>_a-0000e442-b8c9-8000-02fa-48ef9048ef90_7316</uuid>
                        <uuid>_a-0000e442-b8c9-8000-02fa-48ef9048ef90_7228</uuid>
                        <uuid>_a-0000e442-b8c9-8000-02fa-48ef9048ef90_7232</uuid>
                        <uuid>_a-0000e442-b8c9-8000-02fa-48ef9048ef90_7284</uuid>
                        <uuid>_a-0000e442-b8c9-8000-02fa-48ef9048ef90_7364</uuid>
                        <uuid>3678a714-9492-4977-97f1-79fac03b95a5</uuid>
                        <uuid>_a-0000e442-b8c9-8000-02fa-48ef9048ef90_7240</uuid>
                        <uuid>_a-0000e442-b8c9-8000-02fa-48ef9048ef90_7328</uuid>
                        <uuid>_a-0000e442-b8c9-8000-02fa-48ef9048ef90_7336</uuid>
                        <uuid>_a-0000e442-b8c9-8000-02fa-48ef9048ef90_7292</uuid>
                        <uuid>_a-0000e442-b8c9-8000-02fa-48ef9048ef90_7376</uuid>
                        <uuid>_a-0000e442-b8c9-8000-02fa-48ef9048ef90_7372</uuid>
                        <uuid>_a-0000e442-b8c9-8000-02fa-48ef9048ef90_7320</uuid>
                        <uuid>_a-0000e442-b8c9-8000-02fa-48ef9048ef90_7256</uuid>
                        <uuid>_a-0000e442-b8c9-8000-02fa-48ef9048ef90_7344</uuid>
                        <uuid>_a-0000e442-b8c9-8000-02fa-48ef9048ef90_7368</uuid>
                        <uuid>_a-0000e442-b8c9-8000-02fa-48ef9048ef90_7296</uuid>
                    </uuids>
                </item>
                <item>
                    <type>forum</type>
                    <uuids/>
                </item>
                <item>
                    <type>processModelFolder</type>
                    <uuids>
                        <uuid>c25572db-b4e0-4532-9636-856ed257f278</uuid>
                    </uuids>
                </item>
                <item>
                    <type>processModel</type>
                    <uuids>
                        <uuid>ed9919f8-70b9-4bfd-a9a8-d2582302df95</uuid>
                        <uuid>14cbfcd2-a824-4b9b-94d8-2b59be81aefb</uuid>
                        <uuid>0e73db02-e76e-40da-8fab-9dc5457cf994</uuid>
                        <uuid>217e0342-8d6f-49bd-b01c-5bac4784e64a</uuid>
                    </uuids>
                </item>
                <item>
                    <type>portlet</type>
                    <uuids/>
                </item>
                <item>
                    <type>page</type>
                    <uuids/>
                </item>
                <item>
                    <type>application</type>
                    <uuids/>
                </item>
                <item>
                    <type>tempoFeed</type>
                    <uuids>
                        <uuid>2d0f2d65-5bd5-4a5c-b620-70fadb3afd2b</uuid>
                    </uuids>
                </item>
                <item>
                    <type>recordType</type>
                    <uuids>
                        <uuid>5d9b5acb-42d4-45d8-8607-a72aefb40936</uuid>
                    </uuids>
                </item>
                <item>
                    <type>tempoReport</type>
                    <uuids>
                        <uuid>c84fe21b-08aa-4854-a97e-c5a6a6764833</uuid>
                    </uuids>
                </item>
                <item>
                    <type>taskReport</type>
                    <uuids>
                        <uuid>8642448d-e652-4b8e-8a37-2e8abcd19950</uuid>
                    </uuids>
                </item>
                <item>
                    <type>webApi</type>
                    <uuids/>
                </item>
                <item>
                    <type>site</type>
                    <uuids>
                        <uuid>3483f3fd-ab86-4379-b698-5ace7f2b4125_SITE</uuid>
                    </uuids>
                </item>
                <item>
                    <type>adminSetting</type>
                    <uuids/>
                </item>
                <item>
                    <type>thirdPartyCredentials</type>
                    <uuids/>
                </item>
                <item>
                    <type>dataSource</type>
                    <uuids/>
                </item>
                <item>
                    <type>embeddedSailTheme</type>
                    <uuids/>
                </item>
                <item>
                    <type>connectedSystem</type>
                    <uuids/>
                </item>
            </globalIdMap>
        </associatedObjects>
        <applicationNavigation/>
        <applicationActions/>
        <associatedApplications>
            <globalIdMap>
                <item>
                    <type>datatype</type>
                    <uuids/>
                </item>
                <item>
                    <type>dataStore</type>
                    <uuids/>
                </item>
                <item>
                    <type>user</type>
                    <uuids/>
                </item>
                <item>
                    <type>groupType</type>
                    <uuids/>
                </item>
                <item>
                    <type>group</type>
                    <uuids/>
                </item>
                <item>
                    <type>content</type>
                    <uuids/>
                </item>
                <item>
                    <type>forum</type>
                    <uuids/>
                </item>
                <item>
                    <type>processModelFolder</type>
                    <uuids/>
                </item>
                <item>
                    <type>processModel</type>
                    <uuids/>
                </item>
                <item>
                    <type>portlet</type>
                    <uuids/>
                </item>
                <item>
                    <type>page</type>
                    <uuids/>
                </item>
                <item>
                    <type>application</type>
                    <uuids/>
                </item>
                <item>
                    <type>tempoFeed</type>
                    <uuids/>
                </item>
                <item>
                    <type>recordType</type>
                    <uuids/>
                </item>
                <item>
                    <type>tempoReport</type>
                    <uuids/>
                </item>
                <item>
                    <type>taskReport</type>
                    <uuids/>
                </item>
                <item>
                    <type>webApi</type>
                    <uuids/>
                </item>
                <item>
                    <type>site</type>
                    <uuids/>
                </item>
                <item>
                    <type>adminSetting</type>
                    <uuids/>
                </item>
                <item>
                    <type>thirdPartyCredentials</type>
                    <uuids/>
                </item>
                <item>
                    <type>dataSource</type>
                    <uuids/>
                </item>
                <item>
                    <type>embeddedSailTheme</type>
                    <uuids/>
                </item>
                <item>
                    <type>connectedSystem</type>
                    <uuids/>
                </item>
            </globalIdMap>
        </associatedApplications>
    </application>
    <roleMap>
        <contentRoleMap public="true">
            <role inherit="false" allowForAll="false" name="readers">
                <users/>
                <groups>
                    <groupUuid>_e-0000e442-b8c9-8000-02fa-481e94481e94_30</groupUuid>
                </groups>
            </role>
            <role inherit="false" allowForAll="false" name="authors">
                <users/>
                <groups/>
            </role>
            <role inherit="false" allowForAll="false" name="administrators">
                <users/>
                <groups>
                    <groupUuid>_e-0000e442-b8c9-8000-02fa-481e94481e94_28</groupUuid>
                </groups>
            </role>
            <role inherit="false" allowForAll="false" name="denyReaders">
                <users/>
                <groups/>
            </role>
            <role inherit="false" allowForAll="false" name="denyAuthors">
                <users/>
                <groups/>
            </role>
            <role inherit="false" allowForAll="false" name="denyAdministrators">
                <users/>
                <groups/>
            </role>
        </contentRoleMap>
    </roleMap>
    <history>
        <historyInfo versionUuid="_a-0000e442-b8c9-8000-02fa-48ef9048ef90_7919"/>
    </history>
</applicationHaul>
