<?xml version="1.0" encoding="UTF-8" standalone="yes"?>
<processModelFolderHaul xmlns:a="http://www.appian.com/ae/types/2009">
    <versionUuid>_g-0000e423-b12f-8000-0976-7f0000014e7a_2072</versionUuid>
    <processModelFolder>
        <name>L Models</name>
        <uuid>ac12464e-7d51-4e93-9122-e32995294dbc</uuid>
        <description>Process models folder for the LMB_FF application [Base]</description>
    </processModelFolder>
    <roleMap>
        <role name="ADMIN_OWNER">
            <users/>
            <groups>
                <groupUuid>_e-0000e423-b12f-8000-9afe-01075c01075c_13326</groupUuid>
            </groups>
        </role>
        <role name="EDITOR">
            <users/>
            <groups/>
        </role>
        <role name="EXPLICIT_NONMEMBER">
            <users/>
            <groups/>
        </role>
        <role name="VIEWER">
            <users/>
            <groups>
                <groupUuid>_e-0000e423-b12f-8000-9afe-01075c01075c_13328</groupUuid>
            </groups>
        </role>
        <role name="MANAGER">
            <users/>
            <groups/>
        </role>
        <role name="INITIATOR">
            <users/>
            <groups/>
        </role>
    </roleMap>
    <history>
        <historyInfo versionUuid="_g-0000e423-b12f-8000-0976-7f0000014e7a_2072"/>
    </history>
</processModelFolderHaul>
