<?xml version="1.0" encoding="UTF-8"?>
<siteHaul xmlns:a="http://www.appian.com/ae/types/2009" xmlns:xsi="http://www.w3.org/2001/XMLSchema-instance">
  <versionUuid>7480229c-d548-47fb-af34-84612cb9458c</versionUuid>
  <site a:uuid="abc60a17-bf3d-47c8-b24b-158ca91d2f0e" name="SantanderSite">
    <description/>
    <urlStub>santandersite</urlStub>
    <page>
      <staticName>Opcion 5</staticName>
      <description/>
      <urlStub>opcion-5</urlStub>
      <uiObject a:uuid="bd76f84b-7e65-4938-9a84-b701c191ccce" xsi:type="a:TempoReport"/>
      <iconId>f00b</iconId>
      <visibilityExpr>fn!true()</visibilityExpr>
      <pageWidth>WIDE</pageWidth>
    </page>
    <page>
      <staticName>Opcion 1</staticName>
      <description/>
      <urlStub>opcion-1</urlStub>
      <uiObject a:uuid="993d6905-8f42-439a-8761-e5559eabac9c" xsi:type="a:TempoReport"/>
      <iconId>f00b</iconId>
      <visibilityExpr>fn!true()</visibilityExpr>
      <pageWidth>WIDE</pageWidth>
    </page>
    <page>
      <staticName>Opcion 2</staticName>
      <description/>
      <urlStub>limits</urlStub>
      <uiObject a:uuid="73c51f47-f0b3-4acb-bc98-710490e82678" xsi:type="a:TempoReport"/>
      <iconId>f00b</iconId>
      <visibilityExpr>fn!true()</visibilityExpr>
      <pageWidth>WIDE</pageWidth>
    </page>
    <page>
      <staticName>Opcion 3</staticName>
      <description/>
      <urlStub>opcion-3</urlStub>
      <uiObject a:uuid="3b47c0e6-33bb-4b25-8590-51f53b3fbf81" xsi:type="a:TempoReport"/>
      <iconId>f00b</iconId>
      <visibilityExpr>fn!true()</visibilityExpr>
      <pageWidth>WIDE</pageWidth>
    </page>
    <page>
      <staticName>Opcion 4</staticName>
      <description/>
      <urlStub>opcion-4</urlStub>
      <uiObject a:uuid="71cc5042-ceff-454d-a46b-305fd54a2ac4" xsi:type="a:TempoReport"/>
      <iconId>f00b</iconId>
      <visibilityExpr>fn!true()</visibilityExpr>
      <pageWidth>WIDE</pageWidth>
    </page>
    <visibility>268435456</visibility>
    <headerBackgroundColor>#ec0000</headerBackgroundColor>
    <selectedTabBackgroundColor>#ab0000</selectedTabBackgroundColor>
    <faviconRef a:uuid="SYSTEM_CONTENT_SITES_DEFAULT_FAVICON" xsi:type="a:CollaborationDocument"/>
    <faviconHref/>
    <logoRef a:uuid="SYSTEM_CONTENT_SITES_DEFAULT_LOGO" xsi:type="a:CollaborationDocument"/>
    <logoHref/>
    <headerBackgroundColorExpr/>
    <selectedTabBackgroundColorExpr/>
    <accentColor>#ec0000</accentColor>
    <accentColorExpr/>
    <logoExpr/>
    <faviconExpr/>
    <showName>false</showName>
    <tempoLinkVisibility>HIDDEN</tempoLinkVisibility>
    <showRecordNews>true</showRecordNews>
    <tasksInSitesVisibility>HIDDEN</tasksInSitesVisibility>
    <isSystem>false</isSystem>
  </site>
  <roleMap/>
  <history>
    <historyInfo versionUuid="f1750065-83ce-4715-a46e-fa36a22b5df4"/>
    <historyInfo versionUuid="7480229c-d548-47fb-af34-84612cb9458c"/>
  </history>
</siteHaul>
