<?xml version="1.0" encoding="UTF-8"?>
<siteHaul xmlns:a="http://www.appian.com/ae/types/2009" xmlns:xsi="http://www.w3.org/2001/XMLSchema-instance">
  <versionUuid>7d5aa36b-8f0e-4c69-9381-0b48f13f1645</versionUuid>
  <site a:uuid="c8e794f5-ef06-45f2-9cbd-a14bd4b74875" name="SantanderMexico">
    <description/>
    <urlStub>santandermexico</urlStub>
    <page>
      <staticName>Empresas</staticName>
      <description/>
      <urlStub>empresas</urlStub>
      <uiObject a:uuid="f9cfd2c7-2eab-4256-9bc4-3bf15f9985d4" xsi:type="a:TempoReport"/>
      <iconId>f007</iconId>
      <visibilityExpr>fn!true()</visibilityExpr>
      <pageWidth>FULL</pageWidth>
    </page>
    <page>
      <staticName>Gobierno e instituciones</staticName>
      <description/>
      <urlStub>gobierno-e-instituciones</urlStub>
      <uiObject a:uuid="b8a7af45-129f-4396-9ca7-f9b66f6a399b" xsi:type="a:TempoReport"/>
      <iconId>f0ac</iconId>
      <visibilityExpr>fn!true()</visibilityExpr>
      <pageWidth>STANDARD</pageWidth>
    </page>
    <visibility>268435456</visibility>
    <headerBackgroundColor>#ea3223</headerBackgroundColor>
    <selectedTabBackgroundColor>#a92e20</selectedTabBackgroundColor>
    <faviconRef a:uuid="_a-0000e008-4665-8000-9ba2-011c48011c48_23135" xsi:type="a:CollaborationDocument"/>
    <faviconHref/>
    <logoRef a:uuid="_a-0000e008-4665-8000-9ba2-011c48011c48_23123" xsi:type="a:CollaborationDocument"/>
    <logoHref/>
    <headerBackgroundColorExpr/>
    <selectedTabBackgroundColorExpr/>
    <accentColor>#9c3829</accentColor>
    <accentColorExpr/>
    <logoExpr/>
    <faviconExpr/>
    <showName>false</showName>
    <tempoLinkVisibility>HIDDEN</tempoLinkVisibility>
    <showRecordNews>true</showRecordNews>
    <tasksInSitesVisibility>HIDDEN</tasksInSitesVisibility>
    <isSystem>false</isSystem>
  </site>
  <roleMap/>
  <history>
    <historyInfo versionUuid="7d5aa36b-8f0e-4c69-9381-0b48f13f1645"/>
  </history>
</siteHaul>
