<?xml version="1.0" encoding="UTF-8" standalone="yes"?>
<tempoFeedHaul xmlns:a="http://www.appian.com/ae/types/2009">
    <versionUuid>c7e48c5c-6c90-4352-bbc0-1177339d5546</versionUuid>
    <tempoFeed>
        <uuid>2d0f2d65-5bd5-4a5c-b620-70fadb3afd2b</uuid>
        <name>LMB_Application Deployments</name>
        <description>Feed for updates about Application Deployments</description>
        <showInCatalog>true</showInCatalog>
        <systemFeed>false</systemFeed>
    </tempoFeed>
    <roleMap>
        <role name="administrator">
            <users/>
            <groups>
                <groupUuid>_e-0000e442-b8c9-8000-02fa-481e94481e94_28</groupUuid>
            </groups>
        </role>
    </roleMap>
    <history>
        <historyInfo versionUuid="c7e48c5c-6c90-4352-bbc0-1177339d5546"/>
    </history>
</tempoFeedHaul>
