<?xml version="1.0" encoding="UTF-8" standalone="yes"?>
<contentHaul xmlns:a="http://www.appian.com/ae/types/2009">
    <versionUuid>_a-0000e442-b8c9-8000-02fa-48ef9048ef90_7682</versionUuid>
    <rule>
        <name>LD_CreateActivityCDT</name>
        <uuid>7eb1dc99-5846-4fa3-8240-76effa23dff3_MAKEACTIVITYCDT</uuid>
        <description>Formatting rule that generates the activity history for a particular process [Activity History]</description>
        <parentUuid>9be7e201-67db-4bdf-8479-3ca17c34ae1b</parentUuid>
        <visibility>
            <advertise>false</advertise>
            <hierarchy>true</hierarchy>
            <indexable>true</indexable>
            <quota>false</quota>
            <searchable>true</searchable>
            <system>false</system>
            <unlogged>false</unlogged>
        </visibility>
        <definition>'type!{urn:com:appian:types:LD}LD_Activity'(
  recordId: ri!recordId,
  who: ri!who,
  action: ri!action,
  /* Use a different Details pattern for each type of activity */
  details:if(
    ri!action = #"_a-0000e442-b8c9-8000-02fa-48ef9048ef90_7204",
    "To: " &amp; #"989877b0-bad1-42ae-843f-681db3f51976_FORMATNAME"(ri!taskAssignee) &amp; char(10) &amp; "Details: " &amp; ri!taskDetails &amp; if(
      isnull(ri!taskDeadline),
      "",
      char(10) &amp; "Deadline: " &amp; ri!taskDeadline
    ),
    if(
      or(ri!action = #"dcf71dbe-4a7e-4764-8e22-02f930a4984c_ACTIONCOMPLETED", ri!action = #"7cfd2882-434e-45d5-9507-131e72786b7f_ACTIONSKIPPED"),
      "From: " &amp; #"989877b0-bad1-42ae-843f-681db3f51976_FORMATNAME"(ri!taskAssigner) &amp; char(10) &amp; if(isnull(ri!comments), "(No Comments)", "Comments: " &amp; ri!comments),
      if(
        ri!action = #"_a-0000e442-b8c9-8000-02fa-48ef9048ef90_7200",
        "Message: " &amp; ri!message &amp; if(not(isnull(ri!attachment)), char(10) &amp; "Attachment: " &amp; #"_a-0000e442-b8c9-8000-02fa-48ef9048ef90_7260"(ri!attachment), ""),
        if(
          or(ri!action = #"_a-0000e442-b8c9-8000-02fa-48ef9048ef90_7196", ri!action = #"_a-0000e442-b8c9-8000-02fa-48ef9048ef90_7212"),
          #"_a-0000e442-b8c9-8000-02fa-48ef9048ef90_7300"(ri!oldCDT, ri!newCDT, #"_a-0000e442-b8c9-8000-02fa-48ef9048ef90_7384", #"_a-0000e442-b8c9-8000-02fa-48ef9048ef90_7380", #"_a-0000e442-b8c9-8000-02fa-48ef9048ef90_7388") &amp;
            if(
              or(isnull(ri!newDocs), count(ri!newDocs)=0),
              "",
              "Attached Files: " &amp; joinarray(apply(#"_a-0000e442-b8c9-8000-02fa-48ef9048ef90_7260", ri!newDocs), ", ") &amp; char(10)
            ) &amp;
            if(or(isnull(ri!deletedDocs), count(ri!deletedDocs)=0),
              "",
              "Deleted Files: " &amp; joinarray(apply(#"_a-0000e442-b8c9-8000-02fa-48ef9048ef90_7260", ri!deletedDocs), ", ")
            ),
          "no activity found"
        )
      )
    )
  ),
  when: now()
)</definition>
        <namedTypedValue>
            <name>recordId</name>
            <type>
                <name>int</name>
                <namespace>http://www.w3.org/2001/XMLSchema</namespace>
            </type>
        </namedTypedValue>
        <namedTypedValue>
            <name>who</name>
            <type>
                <name>User</name>
                <namespace>http://www.appian.com/ae/types/2009</namespace>
            </type>
        </namedTypedValue>
        <namedTypedValue>
            <name>action</name>
            <type>
                <name>string</name>
                <namespace>http://www.w3.org/2001/XMLSchema</namespace>
            </type>
            <value/>
        </namedTypedValue>
        <namedTypedValue>
            <name>taskAssignee</name>
            <type>
                <name>User</name>
                <namespace>http://www.appian.com/ae/types/2009</namespace>
            </type>
        </namedTypedValue>
        <namedTypedValue>
            <name>taskAssigner</name>
            <type>
                <name>User</name>
                <namespace>http://www.appian.com/ae/types/2009</namespace>
            </type>
        </namedTypedValue>
        <namedTypedValue>
            <name>taskDetails</name>
            <type>
                <name>string</name>
                <namespace>http://www.w3.org/2001/XMLSchema</namespace>
            </type>
            <value/>
        </namedTypedValue>
        <namedTypedValue>
            <name>taskDeadline</name>
            <type>
                <name>dateTime</name>
                <namespace>http://www.w3.org/2001/XMLSchema</namespace>
            </type>
        </namedTypedValue>
        <namedTypedValue>
            <name>comments</name>
            <type>
                <name>string</name>
                <namespace>http://www.w3.org/2001/XMLSchema</namespace>
            </type>
            <value/>
        </namedTypedValue>
        <namedTypedValue>
            <name>message</name>
            <type>
                <name>string</name>
                <namespace>http://www.w3.org/2001/XMLSchema</namespace>
            </type>
            <value/>
        </namedTypedValue>
        <namedTypedValue>
            <name>attachment</name>
            <type>
                <name>CollaborationDocument</name>
                <namespace>http://www.appian.com/ae/types/2009</namespace>
            </type>
        </namedTypedValue>
        <namedTypedValue>
            <name>oldCDT</name>
            <type>
                <name>LD_ApplicationDeployment</name>
                <namespace>urn:com:appian:types:LD</namespace>
            </type>
        </namedTypedValue>
        <namedTypedValue>
            <name>newCDT</name>
            <type>
                <name>LD_ApplicationDeployment</name>
                <namespace>urn:com:appian:types:LD</namespace>
            </type>
        </namedTypedValue>
        <namedTypedValue>
            <name>newDocs</name>
            <type>
                <name>CollaborationDocument?list</name>
                <namespace>http://www.appian.com/ae/types/2009</namespace>
            </type>
        </namedTypedValue>
        <namedTypedValue>
            <name>deletedDocs</name>
            <type>
                <name>CollaborationDocument?list</name>
                <namespace>http://www.appian.com/ae/types/2009</namespace>
            </type>
        </namedTypedValue>
        <preferredEditor>legacy</preferredEditor>
        <offlineEnabled>false</offlineEnabled>
    </rule>
    <roleMap public="true">
        <role inherit="true" allowForAll="false" name="readers">
            <users/>
            <groups/>
        </role>
        <role inherit="true" allowForAll="false" name="authors">
            <users/>
            <groups/>
        </role>
        <role inherit="true" allowForAll="false" name="administrators">
            <users/>
            <groups/>
        </role>
        <role inherit="false" allowForAll="false" name="denyReaders">
            <users/>
            <groups/>
        </role>
        <role inherit="false" allowForAll="false" name="denyAuthors">
            <users/>
            <groups/>
        </role>
        <role inherit="false" allowForAll="false" name="denyAdministrators">
            <users/>
            <groups/>
        </role>
    </roleMap>
    <history>
        <historyInfo versionUuid="_a-0000e442-b8c9-8000-02fa-48ef9048ef90_7682"/>
    </history>
</contentHaul>
