<?xml version="1.0" encoding="UTF-8" standalone="yes"?>
<contentHaul xmlns:a="http://www.appian.com/ae/types/2009">
    <versionUuid>_a-0000e442-b8c9-8000-02fa-48ef9048ef90_7511</versionUuid>
    <constant>
        <name>LD_TEMPORARY_DOCUMENTS_FOLDER</name>
        <uuid>_a-0000e442-b8c9-8000-02fa-48ef9048ef90_7236</uuid>
        <description>Temporary documents folder for Application Deployments [Document Management]</description>
        <parentUuid>9be7e201-67db-4bdf-8479-3ca17c34ae1b</parentUuid>
        <visibility>
            <advertise>false</advertise>
            <hierarchy>true</hierarchy>
            <indexable>true</indexable>
            <quota>false</quota>
            <searchable>true</searchable>
            <system>false</system>
            <unlogged>false</unlogged>
        </visibility>
        <typedValue>
            <type>
                <name>CollaborationFolder</name>
                <namespace>http://www.appian.com/ae/types/2009</namespace>
            </type>
            <value>67aed897-473f-4b11-9138-bfe0c00c504f</value>
        </typedValue>
        <isEnvironmentSpecific>false</isEnvironmentSpecific>
    </constant>
    <roleMap public="true">
        <role inherit="true" allowForAll="false" name="readers">
            <users/>
            <groups/>
        </role>
        <role inherit="true" allowForAll="false" name="authors">
            <users/>
            <groups/>
        </role>
        <role inherit="true" allowForAll="false" name="administrators">
            <users/>
            <groups/>
        </role>
        <role inherit="false" allowForAll="false" name="denyReaders">
            <users/>
            <groups/>
        </role>
        <role inherit="false" allowForAll="false" name="denyAuthors">
            <users/>
            <groups/>
        </role>
        <role inherit="false" allowForAll="false" name="denyAdministrators">
            <users/>
            <groups/>
        </role>
    </roleMap>
    <history>
        <historyInfo versionUuid="_a-0000e442-b8c9-8000-02fa-48ef9048ef90_7511"/>
    </history>
</contentHaul>
