<?xml version="1.0" encoding="UTF-8" standalone="yes"?>
<contentHaul xmlns:a="http://www.appian.com/ae/types/2009">
    <versionUuid>_a-0000e442-b8c9-8000-02fa-48ef9048ef90_7799</versionUuid>
    <rule>
        <name>LD_TaskGridColumn</name>
        <uuid>_a-0000e442-b8c9-8000-02fa-48ef9048ef90_7364</uuid>
        <description>Component interface that generates a single column dynamically for use in task grids on Application Deployment records and in task reports. Dynamic generation lets changes to the process report be reflected instantly without needing to reconfigure the SAIL interface. [Tasking] [Records]</description>
        <parentUuid>b250aef9-823c-4819-8458-4d4158b7da5e</parentUuid>
        <visibility>
            <advertise>false</advertise>
            <hierarchy>true</hierarchy>
            <indexable>true</indexable>
            <quota>false</quota>
            <searchable>true</searchable>
            <system>false</system>
            <unlogged>false</unlogged>
        </visibility>
        <definition>#"SYSTEM_SYSRULES_gridColumn"(
  label: ri!columnConfig.label,
  sortField: ri!columnConfig.field,
  showWhen: if(
    ri!columnConfig.configuredFormatting = "TASK_STATUS",
    count(index(fv!currentPage.data, ri!columnConfig.field, {})) &gt; 0,

    and(
      /* The column for record ID will not appear if we're filtering by record. */
      not(and(ri!columnConfig.field = "c7", ri!filterByRecord)),

      /* In addition, the column for Assignee will not appear if we're viewing My Tasks, *
       * and the column for From will not appear if we're filtering by sender.           */
      not(
        and(
          ri!columnConfig.label = if(
            ri!toOrFrom = "my tasks",
            "Assignee",
            "From"
          ),
          not(ri!filterByRecord)
        )
      )
    )
  ),
  value: a!localVariables(
    local!columnValue: fv!row[ri!columnConfig.field],
    if(
      ri!columnConfig.configuredFormatting = "TASK_STATUS",
      /* Show an image column for task status */
      #"SYSTEM_SYSRULES_imageField_v1"(
        images: {
          #"_a-0000e442-b8c9-8000-02fa-48ef9048ef90_7284"(local!columnValue)
        }
      ),
      if(
        ri!columnConfig.configuredDrilldown = "USER_PROFILE",
        #"SYSTEM_SYSRULES_linkField"(
          links: {
            #"SYSTEM_SYSRULES_userRecordLink"(
              label: #"989877b0-bad1-42ae-843f-681db3f51976_FORMATNAME"(local!columnValue),
              user: local!columnValue
            )
          }
        ),
        if(
          ri!columnConfig.configuredFormatting = "DATE_TIME",
          #"_a-0000e442-b8c9-8000-02fa-48ef9048ef90_7264"(local!columnValue),
          if(
            /* For the field that holds the record IDs, put record links on the record names. */
            ri!columnConfig.field = "c7",
            #"SYSTEM_SYSRULES_linkField"(
              links: {
                #"SYSTEM_SYSRULES_recordLink"(
                  label: index(ri!recordNames.title, local!columnValue, null),
                  recordType: #"_a-0000e442-b8c9-8000-02fa-48ef9048ef90_7228",
                  identifier: local!columnValue
                )
              }
            ),
            if(
              /* Link from the task descriptions to the tasks themselves. Only add a link if */
              /* the current user is the assignee.                                           */
              and(
                ri!columnConfig.configuredDrilldown = "TASK_DETAILS",
                ri!toOrFrom = "my tasks"
              ),
              #"SYSTEM_SYSRULES_linkField"(
                links: {
                  #"SYSTEM_SYSRULES_processTaskLink"(
                    label: local!columnValue,
                    task: fv!row[ri!columnConfig.drilldownField]
                  )
                }
              ),
              local!columnValue
            )
          )
        )
      )
    )
  ),
  align: if(
    ri!columnConfig.configuredFormatting = "DATE_TIME",
    "END",
    "START"
  ),
  width: if(
    ri!columnConfig.configuredFormatting = "TASK_STATUS",
    "NARROW",
    "AUTO"
  )
)</definition>
        <namedTypedValue>
            <name>columnConfig</name>
            <type>
                <name>Variant</name>
                <namespace>http://www.appian.com/ae/types/2009</namespace>
            </type>
        </namedTypedValue>
        <namedTypedValue>
            <name>recordNames</name>
            <type>
                <name>Variant</name>
                <namespace>http://www.appian.com/ae/types/2009</namespace>
            </type>
        </namedTypedValue>
        <namedTypedValue>
            <name>filterByRecord</name>
            <type>
                <name>boolean</name>
                <namespace>http://www.w3.org/2001/XMLSchema</namespace>
            </type>
        </namedTypedValue>
        <namedTypedValue>
            <name>toOrFrom</name>
            <type>
                <name>string</name>
                <namespace>http://www.w3.org/2001/XMLSchema</namespace>
            </type>
            <value/>
        </namedTypedValue>
        <metadataExpr></metadataExpr>
        <preferredEditor>interface</preferredEditor>
        <offlineEnabled>false</offlineEnabled>
    </rule>
    <roleMap public="true">
        <role inherit="true" allowForAll="false" name="readers">
            <users/>
            <groups/>
        </role>
        <role inherit="true" allowForAll="false" name="authors">
            <users/>
            <groups/>
        </role>
        <role inherit="true" allowForAll="false" name="administrators">
            <users/>
            <groups/>
        </role>
        <role inherit="false" allowForAll="false" name="denyReaders">
            <users/>
            <groups/>
        </role>
        <role inherit="false" allowForAll="false" name="denyAuthors">
            <users/>
            <groups/>
        </role>
        <role inherit="false" allowForAll="false" name="denyAdministrators">
            <users/>
            <groups/>
        </role>
    </roleMap>
    <history>
        <historyInfo versionUuid="_a-0000e442-b8c9-8000-02fa-48ef9048ef90_7799"/>
    </history>
</contentHaul>
