<?xml version="1.0" encoding="UTF-8" standalone="yes"?>
<contentHaul xmlns:a="http://www.appian.com/ae/types/2009">
    <versionUuid>_a-0000e442-b8c9-8000-02fa-48ef9048ef90_7760</versionUuid>
    <rule>
        <name>LD_DeleteApplicationDeploymentEntry</name>
        <uuid>_a-0000e442-b8c9-8000-02fa-48ef9048ef90_7316</uuid>
        <description>Form used to delete a record and any supporting attachments [Records]</description>
        <parentUuid>9be7e201-67db-4bdf-8479-3ca17c34ae1b</parentUuid>
        <visibility>
            <advertise>false</advertise>
            <hierarchy>true</hierarchy>
            <indexable>true</indexable>
            <quota>false</quota>
            <searchable>true</searchable>
            <system>false</system>
            <unlogged>false</unlogged>
        </visibility>
        <definition>=#"SYSTEM_SYSRULES_formLayout_v1"(
  label: if(
    isnull(ri!record.title),
    "Delete?",
    "Delete " &amp; ri!record.title &amp; "?"
  ),
  instructions: "",
  contents: {
    #"SYSTEM_SYSRULES_paragraphField"(
      labelPosition: "COLLAPSED",
      readOnly: true,
      value: "Submitting this form will delete your record and its attachments. The data will no longer exist or be visible.

After deletion, it is recommended to return to the records list, as this record will become unavailable."
    )
  },
  buttons: #"SYSTEM_SYSRULES_ButtonLayout"(
    primaryButtons: {
      #"SYSTEM_SYSRULES_ButtonWidgetSubmit"(
        label: "Delete",
        style: "PRIMARY",
        confirmMessage: "Are you sure you want to delete this record? This action cannot be undone."
      )
    },
    secondaryButtons: {
      #"SYSTEM_SYSRULES_ButtonWidgetSubmit"(
        label: "Cancel",
        style: "NORMAL",
        value: true,
        saveInto: ri!cancel,
        skipValidation: true
      )
    }
  )
)</definition>
        <namedTypedValue>
            <name>record</name>
            <type>
                <name>LD_ApplicationDeployment</name>
                <namespace>urn:com:appian:types:LD</namespace>
            </type>
        </namedTypedValue>
        <namedTypedValue>
            <name>cancel</name>
            <type>
                <name>boolean</name>
                <namespace>http://www.w3.org/2001/XMLSchema</namespace>
            </type>
        </namedTypedValue>
        <preferredEditor>interface</preferredEditor>
        <offlineEnabled>false</offlineEnabled>
    </rule>
    <roleMap public="true">
        <role inherit="true" allowForAll="false" name="readers">
            <users/>
            <groups/>
        </role>
        <role inherit="true" allowForAll="false" name="authors">
            <users/>
            <groups/>
        </role>
        <role inherit="true" allowForAll="false" name="administrators">
            <users/>
            <groups/>
        </role>
        <role inherit="false" allowForAll="false" name="denyReaders">
            <users/>
            <groups/>
        </role>
        <role inherit="false" allowForAll="false" name="denyAuthors">
            <users/>
            <groups/>
        </role>
        <role inherit="false" allowForAll="false" name="denyAdministrators">
            <users/>
            <groups/>
        </role>
    </roleMap>
    <history>
        <historyInfo versionUuid="_a-0000e442-b8c9-8000-02fa-48ef9048ef90_7760"/>
    </history>
</contentHaul>
