<?xml version="1.0" encoding="UTF-8" standalone="yes"?>
<contentHaul xmlns:a="http://www.appian.com/ae/types/2009">
    <versionUuid>_a-0000e442-b8c9-8000-02fa-48ef9048ef90_7895</versionUuid>
    <rule>
        <name>LD_AllApplicationDeployments</name>
        <uuid>_a-0000e442-b8c9-8000-02fa-48ef9048ef90_7344</uuid>
        <description>Dashboard interface containing all charts, grids, and filters for the Application Deployments report [Reports]</description>
        <parentUuid>9be7e201-67db-4bdf-8479-3ca17c34ae1b</parentUuid>
        <visibility>
            <advertise>false</advertise>
            <hierarchy>true</hierarchy>
            <indexable>true</indexable>
            <quota>false</quota>
            <searchable>true</searchable>
            <system>false</system>
            <unlogged>false</unlogged>
        </visibility>
        <definition>a!localVariables(
  /* Search terms and filters */
  local!searchTerm,
  local!creator,
  local!creationMonth,
  local!statusFilter,
  local!priorityFilter,
  local!pagingInfo: #"SYSTEM_SYSRULES_pagingInfo"(1, 50, #"SYSTEM_SYSRULES_sortInfo"("createdOn", false)),
  /* Data that will be displayed in the grid given the *
   * current search terms and applied filters          */
  local!datasubset: #"SYSTEM_SYSRULES_queryEntity_v1"(
    entity: #"1079337c-40f9-481f-88b2-a15ababebe69_MAINDSECONSTANT",
    query: #"SYSTEM_SYSRULES_query"(
      selection: #"SYSTEM_SYSRULES_querySelection"(
        columns: {
            #"SYSTEM_SYSRULES_queryColumn"(field: "id"),
            #"SYSTEM_SYSRULES_queryColumn"(field: "title"),
            #"SYSTEM_SYSRULES_queryColumn"(field: "status"),
            #"SYSTEM_SYSRULES_queryColumn"(field: "priority")
        }
      ),
      logicalExpression: #"SYSTEM_SYSRULES_queryLogicalExpression"(
        operator: "AND",
        ignoreFiltersWithEmptyValues: true,
        logicalExpressions: #"SYSTEM_SYSRULES_queryLogicalExpression"(
          operator: "OR",
          ignoreFiltersWithEmptyValues: true,
          filters: {
                  #"SYSTEM_SYSRULES_queryFilter"(field: "title", operator: "includes", value: local!searchTerm),
                  #"SYSTEM_SYSRULES_queryFilter"(field: "status.value", operator: "includes", value: local!searchTerm),
                  #"SYSTEM_SYSRULES_queryFilter"(field: "priority.value", operator: "includes", value: local!searchTerm)
          }
        ),
        filters: {
          #"SYSTEM_SYSRULES_queryFilter"(field: "createdBy", operator: "=", value: local!creator),
          if(
            isnull(local!creationMonth),
            null,
            #"SYSTEM_SYSRULES_queryFilter"(
              field: "createdOn",
              operator: "between",
              value: {
                todatetime(eomonth(today(), local!creationMonth-1)+1),
                todatetime(eomonth(today(), local!creationMonth)+1)
              }
            )
          ),
          if(
                isnull(local!statusFilter),
                null,
                if(
                  local!statusFilter = "[No Value]",
                  #"SYSTEM_SYSRULES_queryFilter"(field: "status.value", operator: "is null"),
                  #"SYSTEM_SYSRULES_queryFilter"(field: "status.value", operator: "=", value: local!statusFilter)
                )
              ),

          if(
                isnull(local!priorityFilter),
                null,
                if(
                  local!priorityFilter = "[No Value]",
                  #"SYSTEM_SYSRULES_queryFilter"(field: "priority.value", operator: "is null"),
                  #"SYSTEM_SYSRULES_queryFilter"(field: "priority.value", operator: "=", value: local!priorityFilter)
                )
              )
        }
      ),
      pagingInfo: local!pagingInfo
    ),
    fetchTotalCount: true
  ),
  /* Data for the top creators chart. Returns the number *
   * of records entered by each of the top 5 users       */
  local!creatorDatasubset: #"SYSTEM_SYSRULES_queryEntity_v1"(
    entity: #"1079337c-40f9-481f-88b2-a15ababebe69_MAINDSECONSTANT",
    query: #"SYSTEM_SYSRULES_query"(
      aggregation: #"SYSTEM_SYSRULES_queryAggregation"(
        aggregationColumns: {
          #"SYSTEM_SYSRULES_queryAggregationColumn"(field: "createdBy", isGrouping: true),
          #"SYSTEM_SYSRULES_queryAggregationColumn"(field: "id", aggregationFunction: "COUNT"),
        }
      ),
      pagingInfo: #"SYSTEM_SYSRULES_pagingInfo"(1, 5, #"SYSTEM_SYSRULES_sortInfo"("id", false)),
      fetchTotalCount: false
    )
  ),
  /* Raw data for the number of records by month chart.  *
   * Returns the creation date for each record so that   *
   * they can be grouped by month in a later step        */
  local!recordsbyMonthData: #"SYSTEM_SYSRULES_queryEntity_v1"(
    entity: #"1079337c-40f9-481f-88b2-a15ababebe69_MAINDSECONSTANT",
    query: #"SYSTEM_SYSRULES_query"(
      aggregation: #"SYSTEM_SYSRULES_queryAggregation"(
        aggregationColumns: {
          #"SYSTEM_SYSRULES_queryAggregationColumn"(field: "createdOn", alias: "year", isGrouping: true, groupingFunction: "YEAR"),
          #"SYSTEM_SYSRULES_queryAggregationColumn"(field: "createdOn", alias: "month", isGrouping: true, groupingFunction: "MONTH"),
          #"SYSTEM_SYSRULES_queryAggregationColumn"(field: "id", alias: "count", aggregationFunction: "COUNT")
        }
      ),
      pagingInfo: #"SYSTEM_SYSRULES_pagingInfo"(
        startIndex: 1,
        batchSize: -1,
        sort: {
          #"SYSTEM_SYSRULES_sortInfo"("year", true),
          #"SYSTEM_SYSRULES_sortInfo"("month", true)
        }
      )
    ),
    fetchTotalCount: false
  ).data,
  local!allMonths: a!flatten(
    #"SYSTEM_SYSRULES_forEach"(
      /* Returns a list of years from the first year in the data set to now */
      items: if(
        or(isnull(local!recordsbyMonthData), length(local!recordsbyMonthData)=0),
        {},
        enumerate(
          tointeger(local!recordsByMonthData[length(local!recordsByMonthData)].year)
          - tointeger(local!recordsByMonthData[1].year) + 1
        ) + tointeger(local!recordsByMonthData[1].year)
      ),
      expression: a!localVariables(
        local!year: fv!item,
        /* Start and end are the first and last months in the given year, */
        /*to make sure we don't go past today or before the first data point. */
        local!start: if(
          fv!isFirst,
          tointeger(local!recordsByMonthData[1].month),
          1
        ),
        local!end: if(
          fv!isLast,
          tointeger(local!recordsByMonthData[length(local!recordsByMonthData)].month),
          12
        ),
        /* Uses start and end to enumerate the months in the given year. */
        #"SYSTEM_SYSRULES_forEach"(
          items: enumerate(local!end - local!start + 1) + local!start,
          expression: {
            month: fv!item,
            year: local!year
          }
        )
      )
    )
  ),
  /* Data for the records by status chart */
  local!statusDatasubset: #"SYSTEM_SYSRULES_queryEntity_v1"(
    entity: #"1079337c-40f9-481f-88b2-a15ababebe69_MAINDSECONSTANT",
    query: #"SYSTEM_SYSRULES_query"(
      aggregation: #"SYSTEM_SYSRULES_queryAggregation"(
        aggregationColumns: {
          #"SYSTEM_SYSRULES_queryAggregationColumn"(field: "status.value", isGrouping: true),
          #"SYSTEM_SYSRULES_queryAggregationColumn"(field: "id", aggregationFunction: "COUNT"),
        }
      ),
      pagingInfo: #"SYSTEM_SYSRULES_pagingInfo"(1, -1)
    ),
    fetchTotalCount: false
  ),
  /* Data for the records by priority chart */
  local!priorityDatasubset: #"SYSTEM_SYSRULES_queryEntity_v1"(
    entity: #"1079337c-40f9-481f-88b2-a15ababebe69_MAINDSECONSTANT",
    query: #"SYSTEM_SYSRULES_query"(
      aggregation: #"SYSTEM_SYSRULES_queryAggregation"(
        aggregationColumns: {
          #"SYSTEM_SYSRULES_queryAggregationColumn"(field: "priority.value", isGrouping: true),
          #"SYSTEM_SYSRULES_queryAggregationColumn"(field: "id", aggregationFunction: "COUNT"),
        }
      ),
      pagingInfo: #"SYSTEM_SYSRULES_pagingInfo"(1, -1)
    ),
    fetchTotalCount: false
  ),
  {
    if(
      and(
        local!datasubset.totalCount = 0,
        isnull(local!searchTerm),
        isnull(local!creator),
        isnull(local!creationMonth),
        isnull(local!statusFilter),
        isnull(local!priorityFilter)
      ),
      #"SYSTEM_SYSRULES_richTextDisplayField"(
        labelPosition: "COLLAPSED",
        align: "CENTER",
        value: {
          #"SYSTEM_SYSRULES_richTextHeader"(
            text: "





No one has created any " &amp; "Application Deployments" &amp; " yet",
            size: "MEDIUM"
          ),
          #"SYSTEM_SYSRULES_richTextItem_v1"(
            text: "As entries are created, statistics and details about them will appear here"
          )
        }
      ),
      {
        #"SYSTEM_SYSRULES_sectionLayout_v1"(
          label: "Application Deployment Statistics",
          contents: #"SYSTEM_SYSRULES_columnsLayout"(
            columns: {
              #"SYSTEM_SYSRULES_columnLayout"(
                contents: {
                  #"SYSTEM_SYSRULES_columnChartField"(
                    label: "Top Application Deployment Creators",
                    showLegend: false,
                    categories: if(
                      count(local!creatorDatasubset.data) = 0,
                      {},
                      #"SYSTEM_SYSRULES_forEach"(
                        items: index(local!creatorDatasubset.data, "createdBy", null),
                        expression: #"989877b0-bad1-42ae-843f-681db3f51976_FORMATNAME"(fv!item)
                      )
                    ),
                    series: #"SYSTEM_SYSRULES_chartSeries"(
                      label: "Application Deployments Created",
                      data: index(local!creatorDatasubset.data, "id", null),
                      links: if(
                        count(local!creatorDatasubset.data) = 0,
                        {},
                        #"SYSTEM_SYSRULES_forEach"(
                          items: index(local!creatorDatasubset.data, "createdBy", null),
                          expression: #"SYSTEM_SYSRULES_dynamicLink"(
                            value: fv!item,
                            saveInto: {
                              local!creator,
                              a!save(local!pagingInfo.startIndex, 1)
                            }
                          )
                        )
                      )
                    )
                  ),
                  #"SYSTEM_SYSRULES_lineChartField_v1"(
                    label: "Recent Application Deployments By Month",
                    categories: #"SYSTEM_SYSRULES_forEach"(
                      items: local!allMonths,
                      expression: text(
                        date(
                          index(local!allMonths, "year", null)[fv!index],
                          index(local!allMonths, "month", null)[fv!index],
                          1
                        ),
                        "mmmm yyyy"
                      )
                    ),
                    showLegend: false,
                    connectNulls: true,
                    series: #"SYSTEM_SYSRULES_chartSeries"(
                      label: "Test Count",
                      data: #"SYSTEM_SYSRULES_forEach"(
                        items: local!allMonths,
                        expression: a!localVariables(
                          local!dataInThisYear: index(
                            local!recordsbyMonthData,
                            wherecontains(fv!item.year, local!recordsbyMonthData.year),
                            {}
                          ),
                          local!value: index(
                            local!dataInThisYear,
                            wherecontains(fv!item.month, local!dataInThisYear.month),
                            {}
                          ),
                          /* Set nulls if there is no value for a data point */
                          if(
                            length(local!value) &lt; 1,
                            null,
                            local!value[1].count
                          )
                        )
                      )
                    )
                  )
                }
              ),
              #"SYSTEM_SYSRULES_columnLayout"(
                contents: {
                    #"SYSTEM_SYSRULES_pieChartField"(
                      label: "Application Deployments by Status",
                      series: #"SYSTEM_SYSRULES_forEach"(
                        items: local!statusDatasubset,
                        expression: #"_a-0000e442-b8c9-8000-02fa-48ef9048ef90_7256"(
                          data: fv!item,
                          field: "status",
                          pagingInfo: local!pagingInfo,
                          linkSaveInto: local!statusFilter
                        )
                      ),
                      showTooltips: true
                    ),
                    #"SYSTEM_SYSRULES_pieChartField"(
                      label: "Application Deployments by Priority",
                      series: #"SYSTEM_SYSRULES_forEach"(
                        items: local!priorityDatasubset,
                        expression: #"_a-0000e442-b8c9-8000-02fa-48ef9048ef90_7256"(
                          data: fv!item,
                          field: "priority",
                          pagingInfo: local!pagingInfo,
                          linkSaveInto: local!priorityFilter
                        )
                      ),
                      showTooltips: true
                    )
                }
              )
            }
          )
        ),
        #"SYSTEM_SYSRULES_sectionLayout_v1"(
          label: "Application Deployment Details",
          contents: #"SYSTEM_SYSRULES_columnsLayout"(
            columns: {
              #"SYSTEM_SYSRULES_columnLayout"(
                contents: {
                  #"SYSTEM_SYSRULES_textField"(
                    labelPosition: "COLLAPSED",
                    placeholder: "Search record fields",
                    value: local!searchTerm,
                    saveInto: {
                      local!searchTerm,
                      a!save(local!pagingInfo.startIndex, 1)
                    },
                    refreshAfter: "KEYPRESS"
                  )
                }
              ),
              #"SYSTEM_SYSRULES_columnLayout"(
                contents: {
                  #"_a-0000e442-b8c9-8000-02fa-48ef9048ef90_7320"(
                    creator: local!creator,
                    creationTime: local!creationMonth,
                    status: local!statusFilter,
                    priority: local!priorityFilter,
                    searchTerm: local!searchTerm,
                    pagingInfo: local!pagingInfo
                  )
                }
              )
            }
          )
        ),
        #"SYSTEM_SYSRULES_sectionLayout_v1"(
          contents: {
            #"SYSTEM_SYSRULES_gridField_v1"(
              height: "MEDIUM",
              rowHeader: 1,
              emptyGridMessage: "No Application Deployments available",data: local!datasubset,
              columns: {
                  #"SYSTEM_SYSRULES_gridColumn"(
                    label: "Title",
                    sortField: "title",
                    value: #"SYSTEM_SYSRULES_linkField"(
                      links: {
                        #"SYSTEM_SYSRULES_recordLink"(
                          label: fv!row.title,
                          recordType: #"_a-0000e442-b8c9-8000-02fa-48ef9048ef90_7228",
                          identifier: fv!row.id
                        )
                      }
                    )
                  ),
                  #"SYSTEM_SYSRULES_gridColumn"(
                    label: "Status",
                    sortField: "status.value",
                    value: fv!row.status.value
                  ),
                  #"SYSTEM_SYSRULES_gridColumn"(
                    label: "Priority",
                    sortField: "priority.value",
                    value: if(
                      isnull(fv!row.priority),
                      null,
                      #"SYSTEM_SYSRULES_imageField_v1"(
                        images: {
                          #"_a-0000e442-b8c9-8000-02fa-48ef9048ef90_7312"(fv!row.priority.value)
                        }
                      )
                    ),
                    size: "NARROW"
                  )
              },
              /* We check for a null sort field, and ignore the save if it is null. *
                * This would most likely happen by a user clicking on a multi-select *
                * column, which does not have a sort field defined. Since that click *
                * would only set a single sort, we index into the first sort field. */
              pagingSaveInto: {
                a!save(
                  local!pagingInfo,
                  if(
                    /* We check specifically if the whole sort is null because the grid *
                      * will null out the sort if it is paged while the sort field is not *
                      * represented in the grid. */
                    or(
                      isnull(index(save!value.sort, 1, null)),
                      not(isnull(index(index(save!value.sort, 1, null), "field", null)))
                    ),
                    save!value,
                    local!pagingInfo
                  )
                )
              }
            )
          }
        )
      }
    )
  }
)</definition>
        <preferredEditor>interface</preferredEditor>
        <offlineEnabled>false</offlineEnabled>
    </rule>
    <roleMap public="true">
        <role inherit="true" allowForAll="false" name="readers">
            <users/>
            <groups/>
        </role>
        <role inherit="true" allowForAll="false" name="authors">
            <users/>
            <groups/>
        </role>
        <role inherit="true" allowForAll="false" name="administrators">
            <users/>
            <groups/>
        </role>
        <role inherit="false" allowForAll="false" name="denyReaders">
            <users/>
            <groups/>
        </role>
        <role inherit="false" allowForAll="false" name="denyAuthors">
            <users/>
            <groups/>
        </role>
        <role inherit="false" allowForAll="false" name="denyAdministrators">
            <users/>
            <groups/>
        </role>
    </roleMap>
    <history>
        <historyInfo versionUuid="_a-0000e442-b8c9-8000-02fa-48ef9048ef90_7895"/>
    </history>
</contentHaul>
