<?xml version="1.0" encoding="UTF-8" standalone="yes"?>
<contentHaul xmlns:a="http://www.appian.com/ae/types/2009">
    <versionUuid>_a-0000e442-b8c9-8000-02fa-48ef9048ef90_7835</versionUuid>
    <rule>
        <name>LD_ApplicationDeploymentDashboard</name>
        <uuid>_a-0000e442-b8c9-8000-02fa-48ef9048ef90_7336</uuid>
        <description>Dashboard interface for the summary view of the Application Deployments record type [Records]</description>
        <parentUuid>9be7e201-67db-4bdf-8479-3ca17c34ae1b</parentUuid>
        <visibility>
            <advertise>false</advertise>
            <hierarchy>true</hierarchy>
            <indexable>true</indexable>
            <quota>false</quota>
            <searchable>true</searchable>
            <system>false</system>
            <unlogged>false</unlogged>
        </visibility>
        <definition>a!localVariables(
  local!record: #"8065c72c-97c8-4a0c-bb29-7ce7bf2baf99_GETONERECORD"(ri!id),
  {
    #"_a-0000e442-b8c9-8000-02fa-48ef9048ef90_7324"(
      record: local!record,
      creating: false,
      readOnly: true,
      documents: if(
        isnull(local!record.folderId),
        {},
        folder(local!record.folderId, "documentChildren")
      )
    ),
    #"_a-0000e442-b8c9-8000-02fa-48ef9048ef90_7328"(ri!id)
  }
)</definition>
        <namedTypedValue>
            <name>id</name>
            <type>
                <name>int</name>
                <namespace>http://www.w3.org/2001/XMLSchema</namespace>
            </type>
        </namedTypedValue>
        <preferredEditor>interface</preferredEditor>
        <offlineEnabled>false</offlineEnabled>
    </rule>
    <roleMap public="true">
        <role inherit="true" allowForAll="false" name="readers">
            <users/>
            <groups/>
        </role>
        <role inherit="true" allowForAll="false" name="authors">
            <users/>
            <groups/>
        </role>
        <role inherit="true" allowForAll="false" name="administrators">
            <users/>
            <groups/>
        </role>
        <role inherit="false" allowForAll="false" name="denyReaders">
            <users/>
            <groups/>
        </role>
        <role inherit="false" allowForAll="false" name="denyAuthors">
            <users/>
            <groups/>
        </role>
        <role inherit="false" allowForAll="false" name="denyAdministrators">
            <users/>
            <groups/>
        </role>
    </roleMap>
    <history>
        <historyInfo versionUuid="_a-0000e442-b8c9-8000-02fa-48ef9048ef90_7835"/>
    </history>
</contentHaul>
