<?xml version="1.0" encoding="UTF-8" standalone="yes"?>
<contentHaul xmlns:a="http://www.appian.com/ae/types/2009">
    <versionUuid>_a-0000e442-b8c9-8000-02fa-48ef9048ef90_7553</versionUuid>
    <rule>
        <name>LD_AttachmentsGrid</name>
        <uuid>_a-0000e442-b8c9-8000-02fa-48ef9048ef90_7308</uuid>
        <description>Component interface that returns a grid of attachments for a Application Deployment record [Document Management]</description>
        <parentUuid>9be7e201-67db-4bdf-8479-3ca17c34ae1b</parentUuid>
        <visibility>
            <advertise>false</advertise>
            <hierarchy>true</hierarchy>
            <indexable>true</indexable>
            <quota>false</quota>
            <searchable>true</searchable>
            <system>false</system>
            <unlogged>false</unlogged>
        </visibility>
        <definition>a!localVariables(
  local!oldAttachments: a!refreshVariable(
    value: if(
      or(isnull(ri!documents), count(ri!documents) &lt; 1),
      0,
      length(ri!documents)
    ),
    refreshOnReferencedVarChange: false
  ),
  {
    #"SYSTEM_SYSRULES_gridLayout"(
      height: "SHORT",
      label: "Attachments",
      rowHeader: 1,
      showWhen: or(not(ri!readOnly), and(not(isnull(ri!documents)), count(ri!documents) &gt; 0)),
      emptyGridMessage: "No files have been attached to this record",
      headerCells: {
        #"SYSTEM_SYSRULES_gridLayoutHeaderCell"(label: "File"),
        #"SYSTEM_SYSRULES_gridLayoutHeaderCell"(label: "Uploaded On", align: "RIGHT"),
        #"SYSTEM_SYSRULES_gridLayoutHeaderCell"(showWhen: or(isnull(ri!readOnly), not(ri!readOnly)))
      },
      columnConfigs: {
        #"SYSTEM_SYSRULES_gridLayoutColumnConfig"(weight: 7),
        #"SYSTEM_SYSRULES_gridLayoutColumnConfig"(weight: 3),
        #"SYSTEM_SYSRULES_gridLayoutColumnConfig"(width: "ICON", showWhen: or(isnull(ri!readOnly), not(ri!readOnly)))
      },
      rows: #"SYSTEM_SYSRULES_forEach"(
        items: ri!documents,
        expression: #"_a-0000e442-b8c9-8000-02fa-48ef9048ef90_7248"(
          attachment: fv!item,
          attachments: ri!documents,
          deletedAttachments: ri!deletedDocuments,
          index: fv!index,
          readOnly: ri!readOnly,
          oldAttachments: local!oldAttachments,
          target: ri!target
        )
      ),
      addRowLink: if(
        ri!readOnly,
        null,
        #"SYSTEM_SYSRULES_dynamicLink"(
          label: "Attach New File",
          value: todocument(null),
          saveInto: a!save(ri!documents, append(ri!documents, save!value))
        )
      )
    )
  }
)</definition>
        <namedTypedValue>
            <name>documents</name>
            <type>
                <name>CollaborationDocument?list</name>
                <namespace>http://www.appian.com/ae/types/2009</namespace>
            </type>
        </namedTypedValue>
        <namedTypedValue>
            <name>readOnly</name>
            <type>
                <name>boolean</name>
                <namespace>http://www.w3.org/2001/XMLSchema</namespace>
            </type>
        </namedTypedValue>
        <namedTypedValue>
            <name>target</name>
            <type>
                <name>CollaborationFolder</name>
                <namespace>http://www.appian.com/ae/types/2009</namespace>
            </type>
        </namedTypedValue>
        <namedTypedValue>
            <name>deletedDocuments</name>
            <type>
                <name>CollaborationDocument?list</name>
                <namespace>http://www.appian.com/ae/types/2009</namespace>
            </type>
        </namedTypedValue>
        <preferredEditor>interface</preferredEditor>
        <offlineEnabled>false</offlineEnabled>
    </rule>
    <roleMap public="true">
        <role inherit="true" allowForAll="false" name="readers">
            <users/>
            <groups/>
        </role>
        <role inherit="true" allowForAll="false" name="authors">
            <users/>
            <groups/>
        </role>
        <role inherit="true" allowForAll="false" name="administrators">
            <users/>
            <groups/>
        </role>
        <role inherit="false" allowForAll="false" name="denyReaders">
            <users/>
            <groups/>
        </role>
        <role inherit="false" allowForAll="false" name="denyAuthors">
            <users/>
            <groups/>
        </role>
        <role inherit="false" allowForAll="false" name="denyAdministrators">
            <users/>
            <groups/>
        </role>
    </roleMap>
    <history>
        <historyInfo versionUuid="_a-0000e442-b8c9-8000-02fa-48ef9048ef90_7553"/>
    </history>
</contentHaul>
