<?xml version="1.0" encoding="UTF-8" standalone="yes"?>
<contentHaul xmlns:a="http://www.appian.com/ae/types/2009">
    <versionUuid>_a-0000e442-b8c9-8000-02fa-48ef9048ef90_7562</versionUuid>
    <rule>
        <name>LD_ApplicationDeploymentDetails</name>
        <uuid>_a-0000e442-b8c9-8000-02fa-48ef9048ef90_7324</uuid>
        <description>Section interface showing the base Application Deployment interface module. Contains all the basic fields of the record. Used by the summary record view, create and update forms, as well as task forms. [Base] [Records]</description>
        <parentUuid>9be7e201-67db-4bdf-8479-3ca17c34ae1b</parentUuid>
        <visibility>
            <advertise>false</advertise>
            <hierarchy>true</hierarchy>
            <indexable>true</indexable>
            <quota>false</quota>
            <searchable>true</searchable>
            <system>false</system>
            <unlogged>false</unlogged>
        </visibility>
        <definition>a!localVariables(
  /* The local variables store the options for the Pick Single / Multiple from List fields    *
   * We only show the active options, plus any inactive options already stored on this record */
  local!statusOptions: a!refreshVariable(
    value: if(ri!record.status.active,#"_a-0000e442-b8c9-8000-02fa-48ef9048ef90_7280"(#"_a-0000e442-b8c9-8000-02fa-48ef9048ef90_7421"(), null),#"_a-0000e442-b8c9-8000-02fa-48ef9048ef90_7280"(#"_a-0000e442-b8c9-8000-02fa-48ef9048ef90_7421"(), ri!record.status.id)),
    /* Ensures this is only calculated on initial load and not each time you update ri!record */
    refreshOnReferencedVarChange: false
  ),
  local!priorityOptions: a!refreshVariable(
    value: if(ri!record.priority.active,#"_a-0000e442-b8c9-8000-02fa-48ef9048ef90_7280"(#"_a-0000e442-b8c9-8000-02fa-48ef9048ef90_7425"(), null),#"_a-0000e442-b8c9-8000-02fa-48ef9048ef90_7280"(#"_a-0000e442-b8c9-8000-02fa-48ef9048ef90_7425"(), ri!record.priority.id)),
    /* Ensures this is only calculated on initial load and not each time you update ri!record */
    refreshOnReferencedVarChange: false
  ),
  {
    #"SYSTEM_SYSRULES_sectionLayout_v1"(
      label: ri!label,
      contents: #"SYSTEM_SYSRULES_columnsLayout"(
        columns: {
          #"SYSTEM_SYSRULES_columnLayout"(
            contents: {
              #"SYSTEM_SYSRULES_textField"(
                label: "Title",
                labelPosition: if(ri!readOnly, "ADJACENT", "ABOVE"),
                instructions: if(ri!readOnly, "", ""),
                helpTooltip: if(ri!readOnly, "", ""),
                placeholder: if(ri!readOnly, "", ""),
                required: not(ri!readOnly),
                value: ri!record.title,
                saveInto: ri!record.title,
                readOnly: ri!readOnly,
                validations: if(
                  len(ri!record.title) &lt;= 200,
                  "",
                  "Value may not be longer than 200 characters. You have entered " &amp; len(ri!record.title) &amp; " characters."
                )
              ),
              if(
                ri!readOnly,
                #"SYSTEM_SYSRULES_textField"(
                  label: "Status",
                  labelPosition: "ADJACENT",
                  value: ri!record.status.value,
                  readOnly: true
                ),
                #"SYSTEM_SYSRULES_dropdownField"(
                  label: "Status",
                  labelPosition: "ABOVE",
                  instructions: "",
                  helpTooltip: "",
                  placeholderLabel: "--- Select a Value ---",
                  choiceLabels: local!statusOptions.value,
                  choiceValues: local!statusOptions,
                  required: not(ri!readOnly),
                  value: ri!record.status,
                  saveInto: ri!record.status
                )
              ),
              if(
                ri!creating,
                {},
                {
                  #"SYSTEM_SYSRULES_linkField"(
                    label: "Created By",
                    labelPosition: if(ri!readOnly, "ADJACENT", "ABOVE"),
                    links: #"SYSTEM_SYSRULES_userRecordLink"(
                      label: #"989877b0-bad1-42ae-843f-681db3f51976_FORMATNAME"(ri!record.createdBy),
                      user: ri!record.createdBy
                    )
                  ),
                  #"SYSTEM_SYSRULES_textField"(
                    label: "Created On",
                    labelPosition: if(ri!readOnly, "ADJACENT", "ABOVE"),
                    value: #"_a-0000e442-b8c9-8000-02fa-48ef9048ef90_7264"(ri!record.createdOn),
                    readOnly: true
                  )
                }
              )
            }
          ),
          #"SYSTEM_SYSRULES_columnLayout"(
            contents: {
              if(
                ri!readOnly,
                #"SYSTEM_SYSRULES_imageField"(
                  label: "Priority",
                  labelPosition: "ADJACENT",
                  images: if(
                    isnull(#"_a-0000e442-b8c9-8000-02fa-48ef9048ef90_7312"(ri!record.priority.value)),
                    {},
                    #"_a-0000e442-b8c9-8000-02fa-48ef9048ef90_7312"(ri!record.priority.value)
                  ),
                  size: "ICON"
                ),
                #"SYSTEM_SYSRULES_dropdownField"(
                  label: "Priority",
                  labelPosition: "ABOVE",
                  instructions: "",
                  helpTooltip: "",
                  placeholderLabel: "--- Select a Value ---",
                  choiceLabels: local!priorityOptions.value,
                  choiceValues: local!priorityOptions,
                  required: not(ri!readOnly),
                  value: ri!record.priority,
                  saveInto: ri!record.priority
                )
              ),
              if(
                ri!creating,
                {},
                {
                  #"SYSTEM_SYSRULES_linkField"(
                    label: "Updated By",
                    labelPosition: if(ri!readOnly, "ADJACENT", "ABOVE"),
                    links: #"SYSTEM_SYSRULES_userRecordLink"(
                      label: #"989877b0-bad1-42ae-843f-681db3f51976_FORMATNAME"(ri!record.updatedBy),
                      user: ri!record.updatedBy
                    )
                  ),
                  #"SYSTEM_SYSRULES_textField"(
                    label: "Updated On",
                    labelPosition: if(ri!readOnly, "ADJACENT", "ABOVE"),
                    value: #"_a-0000e442-b8c9-8000-02fa-48ef9048ef90_7264"(ri!record.updatedOn),
                    readOnly: true
                  )
                }
              )
            }
          )
        }
      )
    ),
    #"_a-0000e442-b8c9-8000-02fa-48ef9048ef90_7308"(
      documents: ri!documents,
      deletedDocuments: ri!deletedDocuments,
      readOnly: ri!readOnly,
      target: if(ri!creating,
        #"_a-0000e442-b8c9-8000-02fa-48ef9048ef90_7236",
        ri!record.folderId
      )
    )
  }
)</definition>
        <namedTypedValue>
            <name>record</name>
            <type>
                <name>LD_ApplicationDeployment</name>
                <namespace>urn:com:appian:types:LD</namespace>
            </type>
        </namedTypedValue>
        <namedTypedValue>
            <name>creating</name>
            <type>
                <name>boolean</name>
                <namespace>http://www.w3.org/2001/XMLSchema</namespace>
            </type>
        </namedTypedValue>
        <namedTypedValue>
            <name>readOnly</name>
            <type>
                <name>boolean</name>
                <namespace>http://www.w3.org/2001/XMLSchema</namespace>
            </type>
        </namedTypedValue>
        <namedTypedValue>
            <name>documents</name>
            <type>
                <name>CollaborationDocument?list</name>
                <namespace>http://www.appian.com/ae/types/2009</namespace>
            </type>
        </namedTypedValue>
        <namedTypedValue>
            <name>label</name>
            <type>
                <name>string</name>
                <namespace>http://www.w3.org/2001/XMLSchema</namespace>
            </type>
            <value/>
        </namedTypedValue>
        <namedTypedValue>
            <name>deletedDocuments</name>
            <type>
                <name>CollaborationDocument?list</name>
                <namespace>http://www.appian.com/ae/types/2009</namespace>
            </type>
        </namedTypedValue>
        <preferredEditor>interface</preferredEditor>
        <offlineEnabled>false</offlineEnabled>
    </rule>
    <roleMap public="true">
        <role inherit="true" allowForAll="false" name="readers">
            <users/>
            <groups/>
        </role>
        <role inherit="true" allowForAll="false" name="authors">
            <users/>
            <groups/>
        </role>
        <role inherit="true" allowForAll="false" name="administrators">
            <users/>
            <groups/>
        </role>
        <role inherit="false" allowForAll="false" name="denyReaders">
            <users/>
            <groups/>
        </role>
        <role inherit="false" allowForAll="false" name="denyAuthors">
            <users/>
            <groups/>
        </role>
        <role inherit="false" allowForAll="false" name="denyAdministrators">
            <users/>
            <groups/>
        </role>
    </roleMap>
    <history>
        <historyInfo versionUuid="_a-0000e442-b8c9-8000-02fa-48ef9048ef90_7562"/>
    </history>
</contentHaul>
