<?xml version="1.0" encoding="UTF-8" standalone="yes"?>
<dataStoreHaul xmlns:a="http://www.appian.com/ae/types/2009">
    <versionUuid>_a-0000e423-b12f-8000-9bb2-011c48011c48_3539348</versionUuid>
    <dataStore>
        <uuid>_a-0000e423-b12f-8000-9bb2-011c48011c48_3539336</uuid>
        <name>L Feature Flags</name>
        <description>Data store containing all application's data store entities. [Data]</description>
        <dataSourceKey>jdbc/Appian</dataSourceKey>
        <adaptingExplicitSqlNames>false</adaptingExplicitSqlNames>
        <autoUpdateSchema>false</autoUpdateSchema>
        <entities>
            <entity>
                <uuid>5644af89-b8cd-451a-8544-613824acc585</uuid>
                <name>L_Active</name>
                <type>{urn:com:appian:types:L}L_Active</type>
            </entity>
            <entity>
                <uuid>c507caa8-9822-4c16-bd8c-ad68813f8da2</uuid>
                <name>L_Activity</name>
                <type>{urn:com:appian:types:L}L_Activity</type>
            </entity>
            <entity>
                <uuid>e29f01b7-fd37-49f0-ad22-1e7fa2ca8419</uuid>
                <name>L_FeatureFlag</name>
                <type>{urn:com:appian:types:L}L_FeatureFlag</type>
            </entity>
        </entities>
    </dataStore>
    <isPublished>true</isPublished>
    <roleMap>
        <role inherit="false" allowForAll="false" name="administrators">
            <users/>
            <groups>
                <groupUuid>_e-0000e423-b12f-8000-9afe-01075c01075c_13326</groupUuid>
            </groups>
        </role>
        <role inherit="false" allowForAll="false" name="authors">
            <users/>
            <groups/>
        </role>
        <role inherit="false" allowForAll="false" name="denyAdministrators">
            <users/>
            <groups/>
        </role>
        <role inherit="false" allowForAll="false" name="denyAuthors">
            <users/>
            <groups/>
        </role>
        <role inherit="false" allowForAll="false" name="denyReaders">
            <users/>
            <groups/>
        </role>
        <role inherit="false" allowForAll="false" name="readers">
            <users/>
            <groups>
                <groupUuid>_e-0000e423-b12f-8000-9afe-01075c01075c_13328</groupUuid>
            </groups>
        </role>
    </roleMap>
    <history>
        <historyInfo versionUuid="_a-0000e423-b12f-8000-9bb2-011c48011c48_3539348"/>
    </history>
</dataStoreHaul>
