<?xml version="1.0" encoding="UTF-8" standalone="yes"?>
<tempoReportHaul xmlns:a="http://www.appian.com/ae/types/2009">
    <versionUuid>7844187b-28b0-4014-91a5-287b9520d0d2</versionUuid>
    <tempoReport a:uuid="90fc1453-7d79-4fe9-8b3b-c30d6629ffb5" name="Feature Flags">
        <a:description>Report containing information and metrics on Feature Flags</a:description>
        <a:uiExpr>=#"_a-0000e423-b12f-8000-9bb2-011c48011c48_3539288"()</a:uiExpr>
        <a:urlStub>sd6EHA</a:urlStub>
    </tempoReport>
    <roleMap>
        <role name="report_administrator">
            <users/>
            <groups>
                <groupUuid>_e-0000e423-b12f-8000-9afe-01075c01075c_13326</groupUuid>
            </groups>
        </role>
        <role name="report_viewer">
            <users/>
            <groups>
                <groupUuid>_e-0000e423-b12f-8000-9afe-01075c01075c_13328</groupUuid>
            </groups>
        </role>
    </roleMap>
    <history>
        <historyInfo versionUuid="7844187b-28b0-4014-91a5-287b9520d0d2"/>
    </history>
</tempoReportHaul>
