<?xml version="1.0" encoding="UTF-8" standalone="yes"?>
<groupHaul xmlns:a="http://www.appian.com/ae/types/2009">
    <versionUuid>_e-0000e1b1-9250-8000-9aee-01075c01075c_175</versionUuid>
    <group>
        <name>GNF Zeus</name>
        <securityMap>SECURITYMAP_TEAM</securityMap>
        <uuid>_e-0000df95-5497-8000-d182-011e94011e94_21</uuid>
        <groupTypeUuid>SYSTEM_GROUP_TYPE_CUSTOM</groupTypeUuid>
        <description></description>
        <delegatedCreation>false</delegatedCreation>
        <memberPolicy>MEMBERPOLICY_CLOSED</memberPolicy>
        <viewingPolicy>VIEWINGPOLICY_LOW</viewingPolicy>
        <attributes/>
    </group>
    <members>
        <users/>
        <groups/>
    </members>
    <admins>
        <users/>
        <groups/>
    </admins>
    <ruleSet/>
    <history>
        <historyInfo versionUuid="_e-0000e1b1-9250-8000-9aee-01075c01075c_175"/>
    </history>
</groupHaul>
