<?xml version="1.0" encoding="UTF-8" standalone="yes"?>
<groupHaul xmlns:a="http://www.appian.com/ae/types/2009">
    <versionUuid>_e-0000e1b1-9250-8000-9aee-01075c01075c_183</versionUuid>
    <group>
        <name>AFE Ad-Hoc Reporting Appian Administrators</name>
        <securityMap>SECURITYMAP_TEAM</securityMap>
        <uuid>_e-0000ddd3-6acd-8000-9aee-01075c01075c_146</uuid>
        <groupTypeUuid>SYSTEM_GROUP_TYPE_CUSTOM</groupTypeUuid>
        <parentUuid>_e-0000ddd3-6acd-8000-9aee-01075c01075c_145</parentUuid>
        <description></description>
        <delegatedCreation>false</delegatedCreation>
        <memberPolicy>MEMBERPOLICY_CLOSED</memberPolicy>
        <viewingPolicy>VIEWINGPOLICY_LOW</viewingPolicy>
        <attributes/>
    </group>
    <members>
        <users/>
        <groups>
            <groupUuid>_e-0000ddc1-10b4-8000-9aee-01075c01075c_133</groupUuid>
        </groups>
    </members>
    <admins>
        <users/>
        <groups/>
    </admins>
    <ruleSet/>
    <history>
        <historyInfo versionUuid="_e-0000e1b1-9250-8000-9aee-01075c01075c_183"/>
    </history>
</groupHaul>
