<?xml version="1.0" encoding="UTF-8" standalone="yes"?>
<groupHaul xmlns:a="http://www.appian.com/ae/types/2009">
    <versionUuid>_e-0000e1b1-9250-8000-9aee-01075c01075c_174</versionUuid>
    <group>
        <name>Certificaciones Users</name>
        <securityMap>SECURITYMAP_TEAM</securityMap>
        <uuid>_e-0000df95-5497-8000-d182-011e94011e94_25</uuid>
        <groupTypeUuid>SYSTEM_GROUP_TYPE_CUSTOM</groupTypeUuid>
        <description>Group that all Certificaciones activity is secured to</description>
        <delegatedCreation>false</delegatedCreation>
        <memberPolicy>MEMBERPOLICY_CLOSED</memberPolicy>
        <viewingPolicy>VIEWINGPOLICY_LOW</viewingPolicy>
        <attributes/>
    </group>
    <members>
        <users/>
        <groups>
            <groupUuid>_e-0000df95-5497-8000-d182-011e94011e94_21</groupUuid>
            <groupUuid>_e-0000df95-5497-8000-d182-011e94011e94_22</groupUuid>
            <groupUuid>_e-0000df95-5497-8000-d182-011e94011e94_23</groupUuid>
            <groupUuid>_e-0000df95-5497-8000-d182-011e94011e94_24</groupUuid>
        </groups>
    </members>
    <admins>
        <users/>
        <groups>
            <groupUuid>_e-0000df95-5497-8000-d182-011e94011e94_24</groupUuid>
            <groupUuid>_e-0000df95-5497-8000-d182-011e94011e94_25</groupUuid>
        </groups>
    </admins>
    <ruleSet/>
    <history>
        <historyInfo versionUuid="_e-0000e1b1-9250-8000-9aee-01075c01075c_174"/>
    </history>
</groupHaul>
